{"pmf": [0.045723903131403607, 0.20038571335956304, 0.15742606939585024, 0.18589955644733416, 0.23264694810145176, 0.12434084752620853, 0.031678825227748786, 0.021898836467507683], "kl div": [1.104226896570388, 1.1118517657218792, 1.1190477224492437, 1.1247452612320565, 1.1281577384644552, 1.1294445674564182, 1.129267873825639, 1.1280086548960797, 1.1259258164848458, 1.1230934383831364, 1.1195694486198442, 1.1153011780498847, 1.1103868366374636, 1.1049749005900993, 1.099186629062, 1.0931073125190451, 1.0867988920532827, 1.0803065465252886, 1.0736647380188327, 1.0669004834176035, 1.0600342347730864, 1.0530819221794512, 1.0460567363491444, 1.038967050329038, 1.031818670998268, 1.0246174168156128, 1.0173719551328186, 1.0100929179613458, 1.0027885953211, 0.9954668949279971, 0.9881357707027673, 0.9808012041117886, 0.9734695601881257, 0.9661459195385051, 0.9588353493788363, 0.9515411252705085, 0.9442661280130009, 0.9370111141838574, 0.9297760599327566, 0.9225604104101178, 0.9153615634235507, 0.9081762120157053, 0.9010003653884434, 0.8938287256746507, 0.8866556024834664, 0.8794756804954811, 0.8722839801914535, 0.8650756730396933, 0.8578464381126296, 0.8505929173138054, 0.8433121445998492, 0.8360021092670884, 0.8286604248979299, 0.8212859180468798, 0.8138773523143319, 0.806434340979653, 0.7989562188317193, 0.7914429039589971, 0.78389456734865, 0.7763116284147814, 0.7686946041279044, 0.7610442475643886, 0.7533613861789374, 0.7456477751987911, 0.7379051585214306, 0.730135391857624, 0.7223419107641149, 0.7145283016238072, 0.7066981657015858, 0.6988551182362709, 0.6910025109730576, 0.6831439863037201, 0.6752813552397167, 0.6674157078636183, 0.6595468349149846, 0.6516742321538076, 0.6437974188508675, 0.6359160749020661, 0.6280298547031524, 0.6201396724325848, 0.6122469167906754, 0.6043527830894708, 0.5964585531075972, 0.5885638468227671, 0.5806684073599622, 0.5727716980007465, 0.5648736666348211, 0.556974881153847, 0.5490769916462269, 0.5411825737374318, 0.5332941875065751, 0.5254146661912038, 0.5175468629349214, 0.5096941616763597, 0.5018589472863717, 0.4940444748104972, 0.48625298952641693, 0.47848728822197706, 0.4707494224596908, 0.46304174855230584, 0.4553671029808104, 0.44772796850441166, 0.4401269667598593, 0.43256677642805935, 0.4250503326729127, 0.4175801621732151, 0.41015944250511316, 0.40279179371385565, 0.39548121151299453, 0.3882317108075706, 0.3810474503432235, 0.37393314060042415, 0.36689250809378554, 0.35992889964277286, 0.35304490609993666, 0.3462429121263913, 0.33952514264348, 0.33289399577416284, 0.3263521910272721, 0.3199020831073077, 0.31354571760723554, 0.3072843164985573, 0.3011191640114175, 0.2950516668783788, 0.28908280972801575, 0.28321404616142054, 0.2774463730658113, 0.2717807566789557, 0.2662179746856562, 0.26075922388097506, 0.25540544806580867, 0.2501576004265744, 0.2450158719034646, 0.23998042127132108, 0.2350511921428313, 0.23022797440031373, 0.22551082774327838, 0.22089938624631356, 0.21639341159571326, 0.21199243335713663, 0.20769582315782092, 0.20350271724481492, 0.1994120752989321, 0.19542291066713638, 0.19153405157325346, 0.18774433217178385, 0.18405248281817557, 0.18045720252567932, 0.17695725512268698, 0.17355121805264573, 0.1702377152338033, 0.16701529093125528, 0.16388247219355284, 0.16083766467506777, 0.1578793625091383, 0.15500583606064253, 0.15221544625567263, 0.14950637558888472, 0.14687700504436174, 0.14432539954767049, 0.1418498259033109, 0.13944855851800925, 0.13711988610089737, 0.1348619606527038, 0.13267309941572497, 0.1305515617969574, 0.12849550385130754, 0.12650331163736256, 0.12457328771138054, 0.12270379164550749, 0.12089313839387883, 0.11913970597105156, 0.11744196230562201, 0.11579822256422469, 0.11420690340401528, 0.11266648395595509, 0.1111754278898469, 0.10973229785958816, 0.10833560032449235, 0.10698394518250094, 0.10567588138697225, 0.10441006041966369, 0.10318518459773325, 0.10199994785783659, 0.1008531723625237, 0.09974367874570833, 0.09867031723628891, 0.0976318246838167, 0.09662721448235333, 0.09565544899636295, 0.09471549988680902, 0.09380636059629116, 0.09292716069003697, 0.09207688278113461, 0.09125471247151379, 0.09045972973201492, 0.08969128200173575, 0.08894835514447902, 0.0882303393647389, 0.08753649062262267],