{"pmf": [0.0005227229100453704, 0.10988358807920438, 0.3368865854490415, 0.2662162028593582, 0.1507311572131669, 0.07755925217760704, 0.038794899935124416, 0.019405654266073068], "kl div": [1.5143081446957005, 0.1492510662230593, 0.24104230579218944, 0.5773838131606962, 0.5693943616427968, 0.44436759152775973, 0.31011948929639666, 0.20967202539989685, 0.17524684629057277, 0.21719353250137202, 0.30287405250499444, 0.3913884885666329, 0.46815798722891727, 0.5406282637388652, 0.6094939006942296, 0.6218238885773506, 0.558206157646271, 0.4924478739027975, 0.45487182514948493, 0.4427556175254523, 0.44681218801144984, 0.45688984827053314, 0.46129092729526666, 0.4481063937455764, 0.41306342794807516, 0.36319446269347677, 0.30934782744320755, 0.2570471385535914, 0.20184679119378018, 0.14830563169615446, 0.10642562752554248, 0.07762441728958454, 0.060420432160862875, 0.05253253199077057, 0.050701678225317875, 0.050955916691216435, 0.04983063396596795, 0.04564368602996767, 0.038767648847628636, 0.03085281213787791, 0.023788531664604606, 0.018884541677612585, 0.01643424704578974, 0.015830615262684405, 0.015991241046044387, 0.015732218443591815, 0.014179758242057186, 0.011265784814656718, 0.007919226205588737, 0.005545118663322037, 0.004963474761865166, 0.005745415088596626, 0.006723600641659386, 0.007082261067888425, 0.006712909670053752, 0.005811718670576596, 0.004682402279712231, 0.003827232003845854, 0.00367665057885129, 0.00411040820328474, 0.004555496463928013, 0.004599552618955801, 0.004267078545674859, 0.0037274822962337613, 0.0030819545749796104, 0.0025066062670065494, 0.0022712758780840748, 0.002436436528037933, 0.0027218302918028763, 0.002826294200068183, 0.002718286940348717, 0.0025178164470271423, 0.0023092220530533986, 0.0021757110905689893, 0.002218953270180486, 0.002414483463358738, 0.0025863998851405542, 0.0026145819467813286, 0.0025432849446259368, 0.0024526225841828785, 0.002361444882495391, 0.0022839737675138614, 0.002245493310683302, 0.002215312893009953, 0.0021235544371356408, 0.00197472236578972, 0.001842519457078042, 0.00176582389203293, 0.0017215466922618208, 0.0016852864269545943, 0.0016495421525386104, 0.0016037666933243543, 0.001547417357788473, 0.0015093862871686076, 0.001501989432528925, 0.0014984592407865753, 0.0014711106250099297, 0.0014298925753265285, 0.0013969198501019853, 0.0013738402677127381, 0.001355807829806812, 0.0013482337167415506, 0.0013493608914750981, 0.0013470500509956676, 0.0013369206532246197, 0.0013204189141248798, 0.0012981958837469411, 0.0012704459867758132, 0.0012447828685933538, 0.0012241350274292465, 0.001202878897532841, 0.0011752907946347966, 0.001145849758253625, 0.0011206270626294447, 0.0010993717199393534, 0.0010808028435381092, 0.0010643531788769682, 0.0010489463868985898, 0.001033476925232763, 0.0010204413924291213, 0.0010106865725406846, 0.0010043840217729488, 0.0009984827526849567, 0.000992378065953343, 0.0009839608643553606, 0.0009743217473564936, 0.0009631005621843779, 0.0009530146242872619, 0.0009418012647435519, 0.000928800064366726, 0.0009139739010862748, 0.0008982875969117407, 0.0008833149108675214, 0.0008691294022846866, 0.0008563902527327289, 0.0008447607592724381, 0.0008338657191437375, 0.0008237370040256071, 0.0008138939484001238, 0.0008039453899304351, 0.0007950347306777625, 0.0007860344032612429, 0.0007778286460261639, 0.0007697803855041918, 0.0007616362030504395, 0.0007532896355587442, 0.000745481445169836, 0.0007382509977750093, 0.0007310848578154854, 0.0007241372633195215, 0.0007177535102143149, 0.0007106367926997324, 0.0007035120081005423, 0.0006960423160477394, 0.0006885155193120946, 0.0006810385390198866, 0.0006735620355413551, 0.0006665663684734355, 0.0006594401579481595, 0.0006525119157612499, 0.0006463189200173539, 0.0006395528790280208, 0.0006347862552732497, 0.0006290649532775779, 0.0006237893103426394, 0.000619105568849421, 0.0006144434418238345, 0.0006092454916042549, 0.000604185909283505, 0.0005991421053798586, 0.0005938828200148815, 0.000588748670066639, 0.0005834219669482524, 0.0005784725462827038, 0.0005736566328603987, 0.0005682824091578513, 0.000563723326818991, 0.0005584611251522819, 0.0005536096989659592, 0.0005492322616162692, 0.0005445282867404182, 0.0005398906599204217, 0.0005360132839798778, 0.0005318709785207342, 0.0005275534905587845, 0.000523487469343809],