{"pmf": [0.0002492965803168966, 0.14277809930498306, 0.28563319200648435, 0.22845586407384424, 0.1713522897357404, 0.11418341877087193, 0.05704341792370188, 0.0003048694926248812], "kl div": [1.4462151023111645, 1.0142086683131588, 0.7511502615027845, 0.7862539882911109, 0.7412857044999441, 1.1288189676555889, 0.47100586627865604, 0.3085882352322513, 0.26056231210255854, 0.24341636342671902, 0.2152685229054657, 0.17295712997538945, 0.13390028674137008, 0.10862525230711516, 0.09277969725555921, 0.07892885618257522, 0.06679713846567181, 0.059362291211351316, 0.055259570467192445, 0.04975436029296009, 0.042214847447053595, 0.037713011507128615, 0.04001719210011376, 0.04522198497932074, 0.045591153831184575, 0.039607006139152835, 0.033229264999920016, 0.031735524881402834, 0.03440717765988663, 0.03739154038142216, 0.038547489938135435, 0.038184798514868376, 0.03690327837411455, 0.03431573041370532, 0.030016171691522122, 0.024798870882715207, 0.020229014864421774, 0.017190862757509057, 0.015214468023979175, 0.013397547686306122, 0.011623535988293018, 0.010437469211459348, 0.009882874299709448, 0.009242852788410102, 0.008178373265822075, 0.007123740287061018, 0.006231545338633052, 0.005132274439175848, 0.003917440563160531, 0.0032413643303805598, 0.0033474788923350133, 0.0037446905518247597, 0.003785347194576589, 0.0032508133705419183, 0.002522661307999825, 0.0021591367286997237, 0.0022334680220840184, 0.0023920524629043967, 0.002450379439928184, 0.0024480331275418656, 0.0023189693314024738, 0.0020379303493044754, 0.0018210173231297542, 0.001796937551472819, 0.0018462648105721366, 0.0018856415182102373, 0.0019264520476690596, 0.0019291882040515123, 0.0018771228632612404, 0.0018206342348184384, 0.0017669821027349692, 0.001695519115296254, 0.00161119645130241, 0.0015245373145636848, 0.0014707929445163504, 0.0014765231287552695, 0.0014833487266001453, 0.0014334222255551338, 0.0013552963640695622, 0.0012926627867170444, 0.0012519472962012838, 0.0012356315932038513, 0.001237188941571705, 0.0012372179364592997, 0.0012295941848028927, 0.0012089760929617274, 0.001178302732101898, 0.0011542009569370224, 0.001141731420829482, 0.0011358483527736806, 0.0011387332968102117, 0.0011396766651438738, 0.0011248342985936857, 0.0011036551890971583, 0.0010859659167963252, 0.0010710153988319339, 0.0010625610327825487, 0.0010626250912126216, 0.0010620106216743608, 0.0010516111903015692, 0.001031602282471344, 0.0010091024868258871, 0.000991498969951325, 0.0009786936557093756, 0.0009681987827421601, 0.0009596300462977154, 0.0009506347891678979, 0.0009402833824987142, 0.0009288806413646026, 0.0009163406714400432, 0.0009050447358578929, 0.0008969797393143584, 0.0008925286377197168, 0.0008872892478748087, 0.0008791751329525407, 0.0008676738846467198, 0.0008560685620717984, 0.0008485914765050006, 0.0008450240964705271, 0.0008439620968091655, 0.0008412679140256559, 0.0008338679175793268, 0.0008225517186137745, 0.0008129802286479698, 0.0008058594389530078, 0.0008001398655976166, 0.0007948515129689435, 0.0007884743291620244, 0.0007811106661594526, 0.0007735241801946964, 0.0007667958169521498, 0.0007603035001594449, 0.0007536285074984771, 0.0007481960064282575, 0.0007419899578685566, 0.0007360396588246164, 0.0007286924906241589, 0.0007218969928402712, 0.000715891838628875, 0.0007124223202330913, 0.0007077354354439911, 0.000703612559145746, 0.000697923770039519, 0.0006915693921313931, 0.000685604004666362, 0.0006811327825148354, 0.0006770861819032768, 0.0006724258323171995, 0.0006680886908828774, 0.0006624602781558337, 0.0006575936000335369, 0.0006530890678065727, 0.00064881378099678, 0.0006438731050820276, 0.0006393207780878787, 0.0006343797520804043, 0.0006296410777356984, 0.0006249196500091246, 0.0006201094287852827, 0.0006164192356184387, 0.0006121233810577302, 0.0006081490368695402, 0.0006037927016273516, 0.0005992976602707165, 0.0005950446710065763, 0.0005909581734164382, 0.0005877893348925237, 0.0005838048670222031, 0.0005797410851490161, 0.000576369088343739, 0.0005719677917922075, 0.00056866536666178, 0.0005652204725844146, 0.0005614547478520946, 0.0005580633825827213, 0.0005539562905203203],