{"pmf": [0.09334910112273796, 0.19763722512895762, 0.1549333682063247, 0.06031065123819438, 0.09798313778775208, 0.19779966922436026, 0.15390108261002708, 0.04408599290418272], "kl div": [0.9657682130701613, 0.2473993364430976, 0.3832276794041409, 0.26123247242027037, 0.14594123963583033, 0.07397089688318287, 0.07074747230257089, 0.08817739199839086, 0.08813685323406845, 0.06649209496073845, 0.05366214391294405, 0.06618860052793313, 0.0820591605954047, 0.09171451305976949, 0.11202990456103737, 0.15776368438883936, 0.2272925844089433, 0.2936262835140874, 0.2901222748605192, 0.24469913468590387, 0.20173798378843383, 0.16551843059796428, 0.12730028700952595, 0.0878389605908009, 0.05616399867229335, 0.03721483617926906, 0.02689013480355313, 0.01829350024312848, 0.009374031643530869, 0.003078622362903915, 0.0018015022538045034, 0.00388781492643377, 0.006136332218570712, 0.007864411877380025, 0.0105076301980363, 0.014352776732883283, 0.017431526250752595, 0.01763642587108819, 0.015132027188327506, 0.011990489133688142, 0.009764896462946414, 0.008296422056285465, 0.006757737781390451, 0.004944685646494156, 0.003309189398820961, 0.0022180119976857706, 0.0015400927758454329, 0.0010415968063759449, 0.00081203753616748, 0.0010523623477538139, 0.0016320265622972487, 0.0021049942968644183, 0.0022183850378244673, 0.0022323472238837353, 0.0024790277952540306, 0.0027883499188737474, 0.002721881264021135, 0.00223628327204438, 0.001710838440617343, 0.0013615517869398034, 0.0010103004802435168, 0.0005584973785872863, 0.00024758796254075637, 0.00021647191939536733, 0.00023702343294585695, 0.0001397500892533596, 9.485981675594292e-05, 0.0002527288818529648, 0.0004394982216346212, 0.0004635043823071792, 0.0004210392216214111, 0.000456010671393817, 0.00048568885700499796, 0.00040844367334464055, 0.00030496897468275234, 0.0002705892849323398, 0.0002411014461552053, 0.00014594099176830507, 5.358939863963903e-05, 3.5082956299357926e-05, 4.1468813647358056e-05, 2.4248214778429514e-05, 1.69764220762659e-05, 4.6117232125416794e-05, 7.660399648766936e-05, 8.33092263525663e-05, 9.027927541703604e-05, 0.00010347594610215995, 9.907424400230804e-05, 7.433685140854148e-05, 5.3417254815243606e-05, 4.41558373014332e-05, 3.2374677756680475e-05, 1.6684791095918365e-05, 7.524815266511924e-06, 5.5202389395990785e-06, 6.117392585211148e-06, 6.879195450290609e-06, 1.1220808387642786e-05, 1.5958784829579146e-05, 1.769614876410256e-05, 1.7783368791143026e-05, 1.7877458243715073e-05, 1.961430636351441e-05, 1.791701020454012e-05, 1.3222304816285673e-05, 8.652638684081504e-06, 6.108630558339704e-06, 2.9903214659688043e-06, 6.050391634024321e-07, 1.1456479120948557e-06, 1.910657875517775e-06, 1.127545957764828e-06, 2.4832956899906503e-06, 4.293668057884451e-06, 5.478053247856486e-06, 4.790455726713704e-06, 4.0262941744010304e-06, 3.719617907963819e-06, 2.657106333450195e-06, 1.8153849346878663e-06, 1.6699122520337202e-06, 1.0261539253910692e-06, 9.554227728493015e-08, -4.521303180337775e-07, 2.73843214549334e-07, 2.3448007555973449e-07, 2.804525893168987e-07, 4.0121571541932113e-07, 6.328042152819102e-07, 4.082262859743472e-07, 7.840369852134873e-07, 5.33969985891809e-07, 8.644803686516867e-07, 4.764258549328808e-07, 4.056336183011716e-07, -8.58719145986099e-09, -2.2644861392882935e-07, -1.1022437545742006e-07, -7.295823669123362e-08, 5.042940222361851e-08, 5.42719721396639e-08, 2.9224141143088133e-07, 2.4760946468445555e-07, -8.98891629848029e-08, -3.0115374268138283e-07, 2.2975586945325814e-07, -4.020994900629307e-08, -3.852511588335486e-08, 7.758400695943984e-08, -3.201647278492102e-07, 1.0095300681732365e-07, -2.8490788446309645e-07, -4.817437218623317e-07, -2.1962768203700838e-07, -4.2403566785677847e-07, -4.5608682447542035e-07, -2.80588572717569e-07, 3.560609127170307e-08, -4.1442455044742325e-07, -8.252575169355437e-08, -4.373807269059712e-08, 7.43410750031589e-08, -1.5401012187282288e-07, -3.1695082733738013e-07, -2.231648451072963e-07], "js div": [0.1867103580135134, 0.055747756153300076, 0.08460182833734062, 0.06926379462390059, 0.03989035519330909, 0.018480014633545934, 0.016331953101788158, 0.02090707945778296, 0.02014320344692152, 0.014253488147574659, 0.011690995619420807, 0.015628310661613205, 0.01944115456866667, 0.020391261893114448, 0.022204955540989574, 0.026791218793625202, 0.03150563090098269, 0.033377778049252675, 0.03283953053388716, 0.03177436591794135, 0.030822542182240783, 0.028972944449112185, 0.02482999355290666, 0.018720326911958976, 0.012821527516372215, 0.008849173053836184, 0.006486929217363668, 0.004446808390395747, 0.002304751529190163, 0.0007681678862502402, 0.0004510487067089543, 0.0009693306296412814, 0.0015311936129833036, 0.00198029250528512, 0.0026842003385090835, 0.0036868863755748216, 0.0044584031706546515, 0.004468202104233524, 0.0037907208797819184, 0.0029777485592054, 0.002417863564421772, 0.002051130977559993, 0.00166739732073963, 0.0012210663303442513, 0.0008211773934079822, 0.0005541473506484084, 0.0003865264523185033, 0.0002602939176713909, 0.0002006405156843665, 0.0002589162520321782, 0.00040312656829007934, 0.0005225835684095801, 0.000551365630602583, 0.0005532057520865592, 0.000613807469012707, 0.0006911262958887878, 0.0006754855401804526, 0.0005558134211123545, 0.00042634120486026146, 0.0003405130743322774, 0.00025342821937976044, 0.00014022268252874702, 6.225984957515247e-05, 5.430459864018395e-05, 5.940573517978977e-05, 3.5045437562079926e-05, 2.3885566804373584e-05, 6.352493947315782e-05, 0.00011029934988678134, 0.00011609673009275453, 0.00010551241233970745, 0.00011381884893337413, 0.00012120040234338869, 0.00010193520290320806, 7.612979248072718e-05, 6.756303444821422e-05, 6.02150131215084e-05, 3.6427579515447574e-05, 1.3433661150064714e-05, 8.678624660179242e-06, 1.0403931760657374e-05, 6.111204588337289e-06, 4.248276962526688e-06, 1.1628299015068746e-05, 1.9144977247160952e-05, 2.0900727321720232e-05, 2.2625253072091923e-05, 2.5939824082136782e-05, 2.4825632047627554e-05, 1.8687849037428422e-05, 1.3508826602195566e-05, 1.1080886925740271e-05, 8.217558142413044e-06, 4.36645757754834e-06, 1.8964064135745167e-06, 1.3563650991677684e-06, 1.4756269883096888e-06, 1.8366198914588299e-06, 2.779183608728829e-06, 3.934364982078448e-06, 4.494460473122443e-06, 4.468048541683394e-06, 4.601060371583457e-06, 4.934119790909821e-06, 4.5744609090165065e-06, 3.352419199104619e-06, 2.1981637552953565e-06, 1.4872038599661542e-06, 7.90035913879771e-07, 2.499624244699773e-07, 2.948272270630818e-07, 4.984210911686762e-07, 4.322759663404017e-07, 5.569454883411361e-07, 1.0533704427861788e-06, 1.3018914968315092e-06, 1.1476894512271082e-06, 1.0497993186824129e-06, 1.0044479137048167e-06, 7.624509619905595e-07, 5.363085739338029e-07, 4.7632674232788287e-07, 3.314972577557514e-07, 9.749709681471607e-08, 4.3303379757411514e-08, 1.1575770465628929e-07, 1.172902220719902e-07, 1.2029338494692023e-07, 2.0173105435342651e-07, 2.5576840309387666e-07, 2.607075541007427e-07, 2.8367323713496934e-07, 2.8096696115436693e-07, 2.047083303327631e-07, 1.2303703389953407e-07, 8.367795045638262e-08, 5.497035230241059e-08, 2.5687048635300173e-08, 1.5895974373179142e-08, 2.2304877714399013e-08, 3.129999518305833e-08, 4.503455077864749e-08, 6.40175063787274e-08, 7.404258698125437e-08, 6.811380445587983e-08, 6.028681009535504e-08, 5.8009172671372226e-08, 4.808087721684848e-08, 2.938116325581713e-08, 1.739295257882154e-08, 1.1242412110211799e-08, 3.312844542787224e-09, 1.7897225555582317e-09, 7.836858058430695e-09, 1.0295783490211195e-08, 1.207888676908148e-08, 1.8641247281011582e-08, 2.066620157589026e-08, 1.6306887808316185e-08, 1.4203534611342764e-08, 1.2275812552864125e-08, 6.917193702700115e-09, 3.916788700059595e-09, 3.5032085993844836e-09, 1.303987995467056e-09, 3.330968786300402e-10],