{"pmf": [0.05464754376949706, 0.27855613966563403, 0.22982486464184138, 0.16119776552552906, 0.11260213738422711, 0.08052653959563687, 0.05920848246867144, 0.0234367668900812], "kl div": {"iteration": [0.22850068424908535, 0.1252238604677764, 0.14129131483492507, 0.1710367316455993, 0.15590526351698428, 0.13039626519690972, 0.12056940636166241, 0.1272802237739768, 0.13782114968429787, 0.14060057339645243, 0.1342296013302163, 0.1249338961293677, 0.11942507373299777, 0.12020838946305537, 0.1246245595120972, 0.12749483738766182, 0.1258761496882281, 0.121327311036333, 0.11756088159135847, 0.11682621784298723, 0.11848209248995745, 0.1201660230428601, 0.11998180173148593, 0.11786757557508191, 0.11530784148608463, 0.11392993329564106, 0.11418176265901045, 0.11507405579719951, 0.11517645350285183, 0.11395009142900764, 0.11211069103893712, 0.1107913433338473, 0.11048493604457855, 0.11071771841572767, 0.110601227034883, 0.10967046828311644, 0.10823471695174268, 0.10698756209954553, 0.10633051737517014, 0.10605625203547463, 0.10562043223553552, 0.1046823438894203, 0.10339244287776764, 0.10218037449572831, 0.10130242978421818, 0.1006282149259941, 0.09983432291530075, 0.09873976822829741, 0.09744625202548927, 0.09619401420303207, 0.09510884436708017, 0.09409838894119216, 0.09298594713894887, 0.09170350072893427, 0.0903327377135994, 0.08899320262774714, 0.08772047101241139, 0.08645072311495736, 0.08511036794928084, 0.08369785524275479, 0.08227003206926362, 0.08087254691901322, 0.0795014973311606, 0.07812567818547722, 0.07673406844732514, 0.07535031137468723, 0.07400207074362834, 0.07269503493181502, 0.07142101236825524, 0.07017958207411575, 0.0689870456118259, 0.06786297062134328, 0.066811644347772, 0.06582541823577118, 0.06490235920911852, 0.06405270722237476, 0.06328886915192, 0.06261126276798562, 0.06200819401252425, 0.061470669798060394, 0.06100081781224828, 0.06060502461353843, 0.06028205920504398, 0.06001980143686397, 0.05980508312997369, 0.05963303000947362, 0.05950432753915454, 0.05941667490419192, 0.0593609226760063, 0.059326242227680556, 0.05930709085585735, 0.05930269824938888, 0.059311830853490274, 0.033013445674502935, 0.0240351037196571, 0.020071748661344015, 0.025062282481253043, 0.029760654901422476, 0.028056030150745488, 0.02401478932598994, 0.02093172063717045, 0.018300152275974195, 0.01650619523855, 0.016884433550767693, 0.018599439547857144, 0.019543435653389268, 0.019276288840190947, 0.018702622536410893, 0.018173339919551734, 0.017242721677273254, 0.016110956414556614, 0.01567622348265206, 0.01613513333749872, 0.016706445410120296, 0.016837932004122563, 0.016721891652199006, 0.016583877274044957, 0.01622703479237874, 0.015581382168304885, 0.015091443790560323, 0.015116453144931555, 0.015419463397467017, 0.015584644970348538, 0.01556921480556669, 0.01552077842034535, 0.015391399215137564, 0.015106789395710246, 0.014859605449497873, 0.014860141845100814, 0.015018298793676183, 0.01512420402186887, 0.01513885357216226, 0.015114146163608047, 0.015024477812289426, 0.01486806701849236, 0.01476252535893377, 0.014779047237874645, 0.014837245317929333, 0.014854623273477705, 0.014845160111710156, 0.014819321538450685, 0.014748787618761933, 0.01466426272747439, 0.014635585318607217, 0.014657363653717649, 0.014673119698325762, 0.014669639059281928, 0.014659419779004618, 0.01463071010615567, 0.014583809369446494, 0.014552948344774507, 0.014550303888399313, 0.01354055916855885, 0.012506899594343389, 0.011742813707288071, 0.010894834618814525, 0.010008008354174898, 0.009205177967196007, 0.008505614840315874, 0.007826883610886265, 0.007110353142582229, 0.006387525673974978, 0.00572006625270358, 0.005132111801659644, 0.004599914873614549, 0.004091071194238398, 0.0035997908614654045, 0.0031433062739062894, 0.0027362041465506565, 0.002372666160448253, 0.0020336330018916058, 0.0017098691230867076, 0.0014116435609915837, 0.0011545692797324183, 0.0009414464102466709, 0.000760783110559963, 0.0006008807782395536, 0.00046074863902460794, 0.0003458263679107737, 0.000256607940335332, 0.00018543197940730765, 0.00012480650965730256, 7.499441506233486e-05, 4.0627787179104455e-05, 2.2103413423536712e-05, 1.732515873063088e-05, 1.4343810988973725e-05, 1.2331487627239885e-05, 8.710196661517356e-06, 6.128679631372223e-06, 2.982796750441752e-06], "epoch": [0.05930269824938888, 0.014552948344774507, 4.0627787179104455e-05, 1.732515873063088e-05, 8.710196661517356e-06, 6.128679631372223e-06, 2.982796750441752e-06]},