{"pmf": [0.01783073178351575, 0.14249618750193224, 0.2608058310661417, 0.2286192133419943, 0.1709241450116626, 0.11486983533882981, 0.05725952009631737, 0.007194712525195402], "kl div": {"iteration": [0.29252470607891795, 0.1503237473821154, 0.09217775565488717, 0.10225190969895558, 0.14355022871637652, 0.152059576704631, 0.12455101582025115, 0.09813520491354746, 0.08685327944343661, 0.08871798899206544, 0.09726787715391633, 0.10615549820846305, 0.11096939071690318, 0.10994199282948075, 0.10379871498950048, 0.09520952948671008, 0.0877126005782981, 0.0841965631178181, 0.08556383615652062, 0.09015483704711777, 0.09451770258667538, 0.09564460907185376, 0.09314473154605642, 0.08905995843825694, 0.08576372634291318, 0.08444060777658927, 0.08499815570463554, 0.08661097437869113, 0.08823194618334193, 0.08898109135995673, 0.08846726317287014, 0.0869638277305892, 0.0852687609642275, 0.08423921686459276, 0.08427061059203288, 0.0850804548806192, 0.0859554781201043, 0.08626940998065782, 0.08587268628088868, 0.08508942362059113, 0.08440519870348823, 0.08414205687521945, 0.08432184512612786, 0.08472093115371526, 0.0850316906724754, 0.08504314288815981, 0.08475525754563931, 0.08435991020643523, 0.084097814553239, 0.08409269647044418, 0.08428192068546202, 0.08448465218798791, 0.08454297174593085, 0.08442524292738292, 0.08422449480326058, 0.08407345050698287, 0.08405064713517645, 0.08413811277094387, 0.08424723515597504, 0.08428865153911763, 0.0842353224922926, 0.08413283224203241, 0.08405429093178862, 0.0840427362266426, 0.08408680167529511, 0.08413949696491202, 0.08415681525832752, 0.08412722023703977, 0.08407537427703782, 0.08403990430818935, 0.08404188936789637, 0.04885210230132486, 0.019209114963885505, 0.014387094506468861, 0.014811915912642748, 0.018649994538301816, 0.025044501761624368, 0.020188790627229156, 0.015717574888006968, 0.01320178810144337, 0.010529136272260911, 0.008190061988078132, 0.007713127869703998, 0.009551577534227525, 0.012048099327479564, 0.012789076034917172, 0.011319821018536893, 0.009002888288371255, 0.007150102198272039, 0.006081732254607028, 0.005405433109736931, 0.004841641056844302, 0.004618972146634602, 0.005096403238487143, 0.00610241520720857, 0.006767782822824307, 0.0064022749591456495, 0.005370374015918257, 0.004474559748228203, 0.004038619664755271, 0.0038864869687122586, 0.0037839601120194053, 0.0037040049013328897, 0.0037401216074796607, 0.0038781873855253217, 0.003933492474717748, 0.0037489571835538325, 0.003398881612651357, 0.003113097827235382, 0.003024124379977778, 0.0030600976121121725, 0.003076017574925039, 0.0030170483861242984, 0.0029227546636668195, 0.002822457229464088, 0.002697282899916703, 0.002548202960018198, 0.002432075042264083, 0.002397868191072351, 0.0024248223518605824, 0.0024462349042517198, 0.0024168279629889116, 0.002341704303057884, 0.0022493282228407134, 0.0021574474712049577, 0.0020729816019615347, 0.0020090623503287003, 0.0019800284262567543, 0.0019782324799605465, 0.00197281770398661, 0.001939799240124703, 0.0018844775971212984, 0.0018281371978420046, 0.0017818287150962067, 0.0017424526233467933, 0.0017073988624293915, 0.0016793364497725456, 0.0016566485562633576, 0.0016304653845237395, 0.0015955394633189982, 0.0015577402040581178, 0.0015262333392701958, 0.0015021843174661642, 0.0014797365296601262, 0.0014550956402285009, 0.0014292156581307614, 0.0014030591360721643, 0.001375953761506678, 0.0013490056601231943, 0.0013254594039926225, 0.0013062361789824596, 0.0010676540444182403, 0.0008856661534535064, 0.0008792369218881223, 0.0008805622763064615, 0.0008200040382557198, 0.0007262239728584776, 0.0006300382445200005, 0.0005410866223103162, 0.00046584575253843597, 0.0004099217983180546, 0.00036897332386633076, 0.00033156910337983603, 0.00028735895450928404, 0.0002343889233254727, 0.00017941811378645073, 0.00013167709625054385, 9.746136774342888e-05, 7.732036734153113e-05, 6.643464324325907e-05, 5.75832545601854e-05, 4.549459407695227e-05, 3.0281283854918198e-05, 1.618327028656707e-05, 7.200694744228034e-06, 4.138926512242084e-06, 1.6608002298116762e-06], "epoch": [0.08403990430818935, 0.0013254594039926225, 7.200694744228034e-06, 4.138926512242084e-06, 1.6608002298116762e-06]},