{"pmf": [0.0650470755645962, 0.20109933588921644, 0.16134642049333756, 0.07027504708617983, 0.10725091501198715, 0.2003113633694874, 0.15906881358886518, 0.03560098586164201], "kl div": {"iteration": [0.1256327840171175, 0.050906600026317236, 0.016443155706477437, 0.023242753198365374, 0.04214882536878432, 0.045605359365906886, 0.03560190853950641, 0.02487773378566693, 0.019563483080502923, 0.018776679702018996, 0.01997584627591861, 0.0214436527504265, 0.022144547395074255, 0.02152064488349626, 0.01957147670418728, 0.01700249060281548, 0.014984050918252632, 0.014386388080021698, 0.015149174281526357, 0.016317818301633834, 0.01671725957644429, 0.0158074821394043, 0.014043458163563002, 0.012458238882204136, 0.011874653620931652, 0.012367506826485795, 0.013329385706412508, 0.013999150022562598, 0.01396526409794037, 0.013302111274048338, 0.012384348469582222, 0.01161866997847276, 0.011271444511361119, 0.011404279870787534, 0.011862427890952688, 0.012330340518517125, 0.01249023862940109, 0.012220150498646321, 0.011680841810336327, 0.011199903516334894, 0.01103369212405814, 0.011197481014791986, 0.011490944617816794, 0.011675871403253352, 0.01164485177345039, 0.011456585460180396, 0.011248424490817399, 0.011127117905187865, 0.011118407567162678, 0.011181410705640011, 0.011250238308632367, 0.0112727272557249, 0.011235157615104295, 0.011165858588819954, 0.011111993536070218, 0.0111013659754218, 0.01112112462517605, 0.011134834412551937, 0.011120641389840093, 0.011090311907092221, 0.011071446236275139, 0.011076250314022745, 0.011091356238275637, 0.011095206324357308, 0.011079918798623682, 0.011055788691043244, 0.011039226025294377, 0.011039088585538984, 0.011051679447489776, 0.011064690567700675, 0.011066134292648851, 0.011053208774051217, 0.011034799659336628, 0.01102427231263322, 0.011027865974633212, 0.0068251172594770695, 0.0022012505684513885, 0.0013836449014161057, 0.002463387011119896, 0.0027894018596837915, 0.002245050086765123, 0.0015945692261677483, 0.0013428802071790936, 0.0013985928039773722, 0.001413195398069854, 0.0012722022611241198, 0.0010932356659088451, 0.0010236760883693338, 0.0010839468534787067, 0.0011261785680095312, 0.0009834376164963108, 0.0006567442592253416, 0.00031176782863723013, 0.0001324195566964415, 0.00018451571182457596, 0.0003781524104275614, 0.0005507014326176455, 0.0005954644341001642, 0.0005192407185892773, 0.00040145527374882504, 0.0003143417333173913, 0.0002717159656176419, 0.0002410210435191385, 0.0001961864951874428, 0.00014959741688619506, 0.000133614525488385, 0.0001604399229231915, 0.00020452960186552157, 0.0002245047815468094, 0.00020149795458339727, 0.0001546398557036575, 0.0001200585229706539, 0.00011657388524369001, 0.00013139581573835477, 0.00013747461771618122, 0.00012206837262272621, 9.657600006057667e-05, 8.100588030565507e-05, 8.30952415397778e-05, 9.362557793384657e-05, 9.924370416080047e-05, 9.610267243206945e-05, 9.025593005887e-05, 8.754492101529154e-05, 8.636681163136351e-05, 8.117750405304018e-05, 7.106526586104231e-05, 6.216971554023887e-05, 6.107903901699907e-05, 5.117605985454081e-05, 4.6581376225335574e-05, 4.547416239900938e-05, 4.028393013936083e-05, 3.804930628193738e-05, 3.4264221828717066e-05, 3.031701395919879e-05, 2.7242143188347268e-05, 2.4701352205949104e-05, 2.110224924875147e-05, 1.7977894482419307e-05, 1.4723812792696335e-05, 1.0949335428410856e-05, 8.147872704779985e-06, 5.4351023016269455e-06, 3.309361228204851e-06], "epoch": [0.01102427231263322, 6.216971554023887e-05, 4.6581376225335574e-05, 2.7242143188347268e-05, 2.110224924875147e-05, 1.7977894482419307e-05, 1.4723812792696335e-05, 1.0949335428410856e-05, 8.147872704779985e-06, 5.4351023016269455e-06, 3.309361228204851e-06]}, "js div": {"iteration": [0.03331828322595416, 0.01376419101721855, 0.004256860523800084, 0.0054330923896414324, 0.009232108601578087, 0.009928687289107119, 0.007966219257850545, 0.0057423079949723375, 0.0047020552311648, 0.004762962715027782, 0.00527271500548919, 0.005746594235278051, 0.005934398213623931, 0.005746440664321129, 0.0052166349411953165, 0.0045191969777098155, 0.003931680850335479, 0.003670623062677735, 0.0037411383371386757, 0.0039360454821019296, 0.003985851074186921, 0.0037594088962726955, 0.00335611027111846, 0.0030145232054380397, 0.0029257975850208178, 0.0031015448186804606, 0.0033881127360481807, 0.003594944399459197, 0.003616246276572517, 0.003464292915909106, 0.0032274170727322046, 0.0030082388135307682, 0.002881196329301292, 0.002872157237677736, 0.002951257824755125, 0.003045658181058842, 0.003079042830057967, 0.003020186644025758, 0.002905122483279065, 0.002810852791672583, 0.0027974153232721934, 0.00286417616473749, 0.002955346193125344, 0.0030066690820475406, 0.002990766732453574, 0.0029262463640809, 0.0028529551199416216, 0.002801872140084293, 0.0027822654235397405, 0.0027865033455522097, 0.0028005584883936457, 0.002812299141247622, 0.0028166304089990413, 0.002816921270169489, 0.002820649047974668, 0.0028311173540914213, 0.002842838841185932, 0.002846026916362515, 0.002835970586348696, 0.002817382142016303, 0.002799526807241093, 0.002788084095341131, 0.0027822517108534953, 0.002778598334988567, 0.0027759918335765643, 0.0027764357405452357, 0.0027822367199640706, 0.0027931727795034284, 0.002805914856901076, 0.002815488833696823, 0.002817764411374721, 0.002811838324820934, 0.0028007516943819827, 0.0027895472890776822, 0.0027819197561602363, 0.0017868316969930896, 0.0005590764982107886, 0.00034668026052302176, 0.0006135145154491073, 0.0006872159904400999, 0.0005521999631504211, 0.0003963110601763634, 0.0003381598381376285, 0.00035245564634709737, 0.0003539242926310592, 0.0003169338125438438, 0.0002723146409229985, 0.0002559582415733357, 0.00027123295524284895, 0.0002808730157313624, 0.00024439881066762835, 0.00016288983420605408, 7.73486494093326e-05, 3.3074569198466696e-05, 4.6330696670647954e-05, 9.474292900430435e-05, 0.0001377259902469968, 0.00014871038902648033, 0.0001295827633967546, 0.0001002685004506971, 7.866201026781195e-05, 6.801645446822234e-05, 6.02011471795888e-05, 4.886566239534955e-05, 3.721901659358795e-05, 3.334584736074337e-05, 4.022966295776038e-05, 5.1391577330806774e-05, 5.640954080180893e-05, 5.057148297350203e-05, 3.8738332944206135e-05, 2.999995296681793e-05, 2.9060911382334262e-05, 3.272508570537362e-05, 3.4256278882233095e-05, 3.045953617528835e-05, 2.4131277697557268e-05, 2.0254208873034364e-05, 2.0799684254035972e-05, 2.3484977799197073e-05, 2.4937004310703072e-05, 2.414879281117888e-05, 2.2631684758579274e-05, 2.1882890713736683e-05, 2.1540236063049923e-05, 2.0232592436751643e-05, 1.7721824818386174e-05, 1.552278004348265e-05, 1.526929684404833e-05, 1.2785858642169946e-05, 1.1648561161317563e-05, 1.1374607963061166e-05, 1.0071218061143582e-05, 9.510881338180288e-06, 8.565204285484616e-06, 7.579712012654799e-06, 6.812344024420472e-06, 6.177945280572898e-06, 5.274886431504714e-06, 4.493571587975843e-06, 3.681866679064867e-06, 2.737041278302063e-06, 2.0372606910621695e-06, 1.3586632114657225e-06, 8.274012917137096e-07], "epoch": [0.0027895472890776822, 1.552278004348265e-05, 1.1648561161317563e-05, 6.812344024420472e-06, 5.274886431504714e-06, 4.493571587975843e-06, 3.681866679064867e-06, 2.737041278302063e-06, 2.0372606910621695e-06, 1.3586632114657225e-06, 8.274012917137096e-07]},