{"pmf": [0.01812827269967062, 0.14228144186447178, 0.26026234827230005, 0.22913806470606507, 0.17106343768057347, 0.11455621359460208, 0.05729151358337392, 0.00727881972637934], "kl div": [0.44800106852775146, 0.4178863741175638, 0.3895277928514163, 0.3628970238179791, 0.33790962320787976, 0.31450110496432315, 0.29264865277185986, 0.2723405426439168, 0.2535611639547026, 0.23628456040995854, 0.22047267443939714, 0.20607330742780763, 0.19301863710061773, 0.18122464825869544, 0.17059071913405385, 0.16100052051061473, 0.15232492148190913, 0.1444277026505885, 0.13717451233569927, 0.130441995140108, 0.12412435132889445, 0.11813569642323225, 0.11240952218704045, 0.1068966986874749, 0.10156312532573583, 0.09638724632238262, 0.09135806502823728, 0.08647288526329347, 0.08173576680933642, 0.07715555420385956, 0.07274452784357519, 0.06851671964892553, 0.06448673574090122, 0.06066858331464118, 0.057074502395464966, 0.05371421389443625, 0.05059403116300677, 0.04771641333447711, 0.04507961805521013, 0.04267760209031264, 0.04050022928084311, 0.038533766536382894, 0.03676159291572711, 0.035165005578770586, 0.033724293016688764, 0.032419561473569954, 0.03123177555002895, 0.030143405228502746, 0.029139106873994396, 0.02820609810604665, 0.027334325728627575, 0.0265165285736328, 0.025747928765058183, 0.02502582691138883, 0.024348963916929724, 0.02371671910923051, 0.023128362012698127, 0.02258238490055226, 0.022076047288605967, 0.021605202465846768, 0.021164378187589074, 0.020747101860497608, 0.02034647327440843, 0.019955745492937996, 0.019568912708750812, 0.01918121141842076, 0.018789385118966648, 0.018391763077526664, 0.017988084777563137, 0.017579159538385514, 0.017166473977515653, 0.01675178335572655, 0.016336696439820095, 0.015922482847522495, 0.015509943964941306, 0.015099381448352052, 0.014690743165924197, 0.014283813562925442, 0.013878369444786959, 0.013474374182741208, 0.013072115661603607, 0.012672206129046085, 0.012275572606892372, 0.011883337058024395, 0.011496722919441604, 0.011116907536585924, 0.010744904639762236, 0.0103815122873204, 0.010027251284764893, 0.009682385013714868, 0.00934694580121397, 0.009020806459488372, 0.008703709160815807, 0.008395334922389404, 0.008095344680354312, 0.0078034261751259194, 0.007519275168777264, 0.007242634178311676, 0.0069732893388076405, 0.006711049257327656, 0.006455746008298605, 0.006207241838042332, 0.005965392726425777, 0.005730090424637626, 0.005501221337207721, 0.005278690107791117, 0.00506241448238255, 0.004852317955935728, 0.004648343410422855, 0.004450435185800425, 0.004258555987487796, 0.004072662856466219, 0.003892724229366074, 0.00371870369363287, 0.0035505543911863776, 0.003388226722035039, 0.003231656118159283, 0.003080779220938611, 0.002935506265979401, 0.0027957489415551644, 0.00266140542866947, 0.0025323567483844147, 0.002408489615220771, 0.0022896707481245933, 0.0021757793051555858, 0.00206667380663067, 0.0019622308165356756, 0.0018623090204947495, 0.0017667792389733077, 0.0016755024335066275, 0.0015883447193196947, 0.0015051769422333799, 0.0014258616466340246, 0.001350270296352066, 0.0012782691681035127, 0.0012097302372503817, 0.0011445247890099156, 0.001082522372188476, 0.0010235997677236525, 0.000967629497421824, 0.0009144895862794708, 0.0008640606242067894, 0.0008162253540172138, 0.000770866239339411, 0.0007278761628397843, 0.0006871447694861248, 0.0006485646755965148, 0.0006120364213094221, 0.000577462289503352, 0.0005447473792533637, 0.0005138019408107018, 0.0004845380344705192, 0.0004568715934969831, 0.0004307212951717102, 0.0004060111226716998, 0.00038266483524301495, 0.00036061297534244825, 0.0003397871533950508, 0.00032012042509093263, 0.00030155302795852024, 0.00028402631965777415, 0.0002674828140395999, 0.000251870380886103, 0.0002371376172786235, 0.000223236424060879, 0.00021012116245957158, 0.00019774916549542172, 0.0001860810300444997, 0.00017507581048220719, 0.00016469764402163582, 0.00015491312174781735, 0.00014568770895353436, 0.0001369922703542513, 0.00012879732414924092, 0.00012107380061342763, 0.00011379711773239069, 0.0001069413736486829, 0.00010048294610032855, 9.440047830215213e-05, 8.867255043069086e-05, 8.327975410680132e-05, 7.820247361124515e-05, 7.342301375956931e-05, 6.892497300091632e-05, 6.469231657190377e-05, 6.070989102764657e-05, 5.696347408725528e-05, 5.344029892863074e-05, 5.0126215552617585e-05, 4.7009974325859885e-05, 4.408018480247752e-05, 4.1326718128180894e-05, 3.87387370690942e-05, 3.630689076744651e-05, 3.4021896034203505e-05, 3.187535368995992e-05, 2.9858945460888194e-05, 2.7965501169688236e-05, 2.6187612781311477e-05, 2.4518208108593358e-05, 2.295116945802623e-05, 2.1480707611721108e-05, 2.010083325439707e-05, 1.8805953404745987e-05, 1.759128737564093e-05, 1.645225943418629e-05, 1.538387984194561e-05, 1.4382173771880578e-05, 1.344294274912319e-05, 1.2562478160591342e-05, 1.1737527753839165e-05, 1.0964710806250799e-05, 1.0240712211543766e-05, 9.562517599377273e-06, 8.92731366692733e-06, 8.332622872113426e-06, 7.77593575990355e-06, 7.2547782965103785e-06, 6.7671196090241805e-06, 6.310724277821649e-06],