{"pmf": [0.05439684467811176, 0.27912917725331904, 0.2301344014748751, 0.16072731992348435, 0.11253605783542987, 0.08042436789809336, 0.058995577635198165, 0.023656399534682154], "kl div": [0.5909703093982159, 0.5600572665448551, 0.5318970199349238, 0.5063402786003631, 0.48325189197555646, 0.4624819531597963, 0.44380186492733753, 0.4268997597315809, 0.41141234049311276, 0.39698125004154083, 0.3833076704406451, 0.3701810489308099, 0.3574776922233283, 0.34514205916033613, 0.3331681782602928, 0.3215789466546769, 0.3104107311732045, 0.2996993593647629, 0.28947041744788726, 0.2797341263332684, 0.2704844332710973, 0.26170207166269777, 0.253360920520872, 0.24543395280315194, 0.23789816477010933, 0.23073636741914377, 0.2239363113228121, 0.21748829132035263, 0.21138199233713412, 0.20560423401110545, 0.20013713484101675, 0.1949579974525963, 0.19004009267589497, 0.18535453987723402, 0.18087249119289517, 0.17656757322918987, 0.1724178244994341, 0.16840656204390445, 0.16452260394405083, 0.16075898877293437, 0.15711162040557766, 0.15357724757404234, 0.15015186331218258, 0.1468296139623862, 0.1436023006131574, 0.1404596820125371, 0.13739024453430265, 0.13438231117894078, 0.13142519655082494, 0.12851002902934872, 0.1256302706521917, 0.12278169356745594, 0.11996203423241408, 0.11717035491373075, 0.11440630249952126, 0.11166954112701191, 0.10895923434856983, 0.10627387125577858, 0.10361131893657524, 0.1009691015549281, 0.09834470164635226, 0.09573599934303126, 0.09314156760484237, 0.0905610097048271, 0.08799500274466564, 0.08544532743589604, 0.08291473547379653, 0.08040673168721257, 0.07792538957695933, 0.07547500317566484, 0.07306001255589757, 0.0706846651530791, 0.06835303267535993, 0.06606880718182827, 0.06383537488525244, 0.06165567900710945, 0.05953221777505191, 0.05746697190495294, 0.05546138861209353, 0.053516222947249746, 0.05163147014904239, 0.04980636106283735, 0.04803921835743039, 0.04632759303957304, 0.044668262474292016, 0.04305737945429799, 0.041490731566601574, 0.03996397297526248, 0.03847288596355302, 0.03701377173656036, 0.035583616571237306, 0.03418033766017325, 0.03280286973955948, 0.031451044280386274, 0.030125446149530024, 0.02882708163507477, 0.02755702414587172, 0.026316035945949418, 0.025104316943489247, 0.02392130097926869, 0.022765738622644652, 0.021635773449155238, 0.02052933450056972, 0.019444446632841273, 0.018379591194600864, 0.017334019263550198, 0.01630791878521358, 0.015302472580264837, 0.014319721751612651, 0.013362420433251379, 0.012433712790939747, 0.01153683633390558, 0.010674861507600903, 0.009850432573056105, 0.00906558134231108, 0.008321713559699984, 0.007619495411346811, 0.0069589994045924095, 0.006339760882597009, 0.005760895590033951, 0.005221230540130455, 0.004719371880312289, 0.004253816143698248, 0.003822948885385157, 0.003425117721583904, 0.0030586273689592594, 0.002721783056746226, 0.002412908956951806, 0.00213036834348739, 0.0018726030577706576, 0.001638149003160375, 0.0014256367219092079, 0.0012337825034371523, 0.0010613708502925576, 0.0009072361808025826, 0.0007702248853588365, 0.0006491851874452286, 0.0005429511622399357, 0.00045035417192819654, 0.0003702298212140591, 0.00030142807810466625, 0.0002428364037785893, 0.000193394320479043, 0.00015209855796262297, 0.00011800920580394905, 9.025118143522227e-05, 6.800816538855229e-05, 5.05219572086487e-05, 3.708870892543247e-05, 2.7062882424511723e-05, 1.9855963043374694e-05, 1.4941506132509254e-05, 1.1857426063310058e-05, 1.0203404063995232e-05, 9.642306486112124e-06, 9.891280023257177e-06, 1.0718313490330105e-05, 1.1931956509899787e-05, 1.3375955058415098e-05, 1.4921961177984848e-05, 1.6465615527989268e-05, 1.792345195731791e-05, 1.9230305663350388e-05, 2.0338401355305498e-05, 2.12150594054068e-05, 2.1842118529386608e-05, 2.2212430793104284e-05, 2.2328531822806124e-05, 2.2201028489799183e-05, 2.184617206129431e-05, 2.1284047359527644e-05, 2.0538591850809747e-05, 1.9636631867399508e-05, 1.860718284502007e-05, 1.747978753248859e-05, 1.628425973983845e-05, 1.505014831244063e-05, 1.3804119791242645e-05, 1.2570730391437811e-05, 1.136998057265574e-05, 1.0217942010571951e-05, 9.127420855058643e-06, 8.106792404018182e-06, 7.161520931400929e-06, 6.29364373070702e-06, 5.503937639602318e-06, 4.790443124957043e-06, 4.149999110964728e-06, 3.578460008858003e-06, 3.0703898069913825e-06, 2.620416409853727e-06, 2.223258657888296e-06, 1.8733244940511028e-06, 1.5656953531445365e-06, 1.2964208700594444e-06, 1.0615776195348534e-06, 8.581699125704341e-07, 6.835120946454428e-07],