{"pmf": [0.06554726593051116, 0.20008612960738606, 0.16119923646782872, 0.07050430674882953, 0.10644552077235891, 0.20144613520157095, 0.15943107987206354, 0.03534054803509185], "kl div": [0.6665254907498286, 0.6309071753082447, 0.5967548483055223, 0.5640300392859818, 0.5326887063337888, 0.5026786715402579, 0.47394023634431004, 0.44641359412878856, 0.4200477864363248, 0.3948063748449243, 0.37066606722764395, 0.3476116273425367, 0.32563095981238144, 0.30471168071028787, 0.2848393987792693, 0.26599650070813374, 0.24816223546228516, 0.23131279753498668, 0.21542144924674636, 0.20045921709924364, 0.18639521102133438, 0.17319680802863052, 0.16083021233027295, 0.14926013423268847, 0.13845075155284275, 0.1283653048574303, 0.1189667105570567, 0.11021812784122481, 0.10208291935391108, 0.09452545944296252, 0.08751130150371017, 0.08100749050539746, 0.07498280938492206, 0.06940786944164556, 0.06425525515170921, 0.059499362186029275, 0.05511642796503617, 0.051084331785301376, 0.04738236324784993, 0.043990994827903224, 0.04089158959242831, 0.03806617384379107, 0.03549720341975528, 0.0331673449340847, 0.03105950528499099, 0.029156728187806014, 0.027442357630399095, 0.025900183719989252, 0.02451457208052399, 0.023270699855142914, 0.022154656907280752, 0.021153542550540163, 0.020255461398428383, 0.019449529931650743, 0.01872574594878686, 0.01807492418115747, 0.017488598012081087, 0.016958915438837895, 0.016478558310869737, 0.01604074777938878, 0.01563919300081778, 0.015268121106421683, 0.014922357302653719, 0.014597306128392004, 0.014289023380926564, 0.013994215568056712, 0.013710215762911796, 0.013434979990790984, 0.013166996595757957, 0.012905166245791288, 0.01264877081266155, 0.012397326119532334, 0.012150501972912522, 0.011908047012671757, 0.011669773127000346, 0.011435472594267833, 0.01120494632755121, 0.010977991940616307, 0.0107544072629738, 0.010534017826209535, 0.010316681921600379, 0.010102315822418894, 0.009890872159648751, 0.009682369429301112, 0.009476853319670383, 0.009274423538460358, 0.009075202891609051, 0.008879307037474082, 0.008686851671780706, 0.00849794466333069, 0.008312661603283124, 0.008131054822020835, 0.007953136524624696, 0.0077788865641768516, 0.007608253523481701, 0.007441160160251835, 0.00727751313166981, 0.007117210013152275, 0.006960145139770373, 0.006806200333816839, 0.006655273485404353, 0.0065072648931272, 0.006362088748697182, 0.006219669963187047, 0.006079930313198106, 0.005942799827745709, 0.005808225945107163, 0.005676136254225207, 0.005546479191562852, 0.00541919559609851, 0.005294227640427777, 0.005171522009312273, 0.00505101799644193, 0.004932677992699892, 0.004816451131445584, 0.004702287026846757, 0.004590154047466873, 0.004480003193443705, 0.004371806123775962, 0.004265530203941488, 0.004161150455295922, 0.0040586371349206965, 0.003957973051557234, 0.0038591361015949555, 0.0037620993475276287, 0.003666858127977098, 0.003573383819025099, 0.003481665319558195, 0.003391690384322992, 0.0033034401055116944, 0.0032168895170031344, 0.0031320327308718273, 0.0030488463346374983, 0.0029673112199195173, 0.0028874110084554233, 0.0028091331833999126, 0.0027324505151870124, 0.0026573513980706494, 0.002583816966902609, 0.002511827646297495, 0.0024413667489506952, 0.002372414573820966, 0.0023049567392714057, 0.002238971557748306, 0.002174442136052261, 0.0021113489428022008, 0.0020496758316985953, 0.0019894002618313683, 0.0019305056310826765, 0.0018729690994665322, 0.0018167750571500474, 0.0017619001450617415, 0.0017083281684657226, 0.001656039829915061, 0.0016050144715205692, 0.0015552294053244866, 0.0015066708298182752, 0.00145931687430724, 0.0014131508520950967, 0.0013681498188102994, 0.0013242983862947408, 0.0012815734751078249, 0.0012399578550467772, 0.001199433241389382, 0.0011599799335067261, 0.0011215774929698979, 0.0010842090881269131, 0.001047853655363586, 0.0010124934521447194, 0.0009781107161463516, 0.0009446837325000944, 0.0009121966592441498, 0.0008806305798631621, 0.0008499678920752519, 0.0008201891591173866, 0.0007912771009707972, 0.0007632110504825359, 0.0007359749740086781, 0.0007095499568076798, 0.0006839204367527995, 0.0006590690535442755, 0.0006349750804081921, 0.0006116236821551268, 0.0005889985789208859, 0.0005670829106725103, 0.0005458571964820189, 0.000525306519428243, 0.0005054131580285109, 0.0004861636432876025, 0.00046753966504303507, 0.00044952755892949266, 0.000432109528770801, 0.0004152721106924857, 0.00039899814810770277, 0.0003832752399221947, 0.00036808762725031095, 0.0003534212470908319, 0.0003392612969668905, 0.00032559383427246654, 0.0003124050630094585, 0.00029968247817378736, 0.0002874111782490118, 0.0002755803879506061, 0.0002641761946457767, 0.0002531860577495912, 0.00024259832148941832, 0.00023239975670733416, 0.00022257953033896348, 0.00021312540838611083, 0.00020402552688093367, 0.0001952696196540379, 0.00018684722410401157, 0.00017874668654775671, 0.00017095905244469186, 0.0001634729874273027, 0.00015627930051968243, 0.00014936767411221285, 0.0001427297633269255, 0.0001363564702611549, 0.00013023779735596387, 0.00012436535227493566, 0.00011873074489477357, 0.00011332622344473219, 0.0001081430538249535, 0.00010317406075581567, 9.841108781885274e-05, 9.384708921737224e-05, 8.947487676738204e-05, 8.528631627498803e-05, 8.127566975674671e-05, 7.743639949688919e-05, 7.37624642057891e-05, 7.02468512275767e-05, 6.688378641011861e-05, 6.366763790880298e-05, 6.059240647857838e-05, 5.765276710713177e-05, 5.4843355843818824e-05, 5.2159803975928936e-05, 4.959566194031521e-05, 4.7147634091611155e-05, 4.4810154843879173e-05, 4.2579314017953675e-05, 4.0450565344891e-05, 3.8419447831330165e-05, 3.648281046889692e-05, 3.463565168321749e-05, 3.287509722963778e-05, 3.119729195590325e-05, 2.959843106743683e-05, 2.8075094917517224e-05, 2.6624200644690798e-05, 2.524285209682524e-05, 2.3927941693691317e-05, 2.2676493226950572e-05, 2.1485620161087457e-05, 2.0352637557188776e-05, 1.9275382606177068e-05, 1.8251139385036497e-05, 1.727759665213753e-05, 1.6352421686250312e-05, 1.547344358348378e-05, 1.463838033804012e-05, 1.3845307841631798e-05, 1.3092298587805511e-05, 1.2377630884901876e-05, 1.1699043751245137e-05, 1.1055570684536515e-05, 1.044503701905465e-05, 9.866151552697153e-06, 9.317256946484007e-06, 8.796783541429562e-06, 8.30366372526296e-06, 7.836512001324907e-06, 7.394009754708154e-06, 6.97501455128959e-06, 6.578128977828184e-06, 6.2025165874151576e-06, 5.84701569446927e-06, 5.510805660903822e-06, 5.192546448816413e-06, 4.891704472556649e-06, 4.607509035451362e-06, 4.338619907533622e-06, 4.084543803046915e-06, 3.8446078902115965e-06, 3.6178780707149364e-06],