{"pmf": [0.017935465723560248, 0.14285570128134334, 0.2606672983835326, 0.22847083526792997, 0.17150246357350737, 0.11420155206099539, 0.0570447850037504, 0.0073224734229628856], "kl div": [0.3086619569320736, 0.28001987378063325, 0.2536258633847725, 0.2266695497249379, 0.20008775536942516, 0.17461562531306285, 0.15059304479617464, 0.12821483921664023, 0.10764318766912778, 0.08904575163989042, 0.07257849135924291, 0.05835098938928211, 0.04640519520185049, 0.036709062794450464, 0.029157063088713985, 0.023571954180850285, 0.019706964441337252, 0.0172524441007366, 0.015850928963789784, 0.015124953464184809, 0.014716552982737571, 0.014333782363366576, 0.01378309720323415, 0.012978188693388265, 0.01192520796906368, 0.010692457233207095, 0.009378754452186402, 0.008087089841485049, 0.006907611833999563, 0.00590802549181527, 0.005126518390749797, 0.004566192795680782, 0.004194695759071361, 0.003953557098624931, 0.003778509013621109, 0.0036196819450067053, 0.003453280483080334, 0.003280919142905324, 0.00311890803682142, 0.002984078437709605, 0.0028836399393696865, 0.002812853148842097, 0.0027602365594961483, 0.0027160600902504835, 0.002678481044181856, 0.0026545280039359676, 0.002655379137761704, 0.0026890763069409955, 0.0027543955666340676, 0.002839065662303919, 0.0029230418551541917, 0.0029850965949268548, 0.0030097353058444044, 0.002991397752055553, 0.002934701440663378, 0.0028510564793953037, 0.002753770033597201, 0.002653830554919707, 0.0025576881849940806, 0.00246758883873053, 0.002383369987013322, 0.002304520558747402, 0.002231476138304207, 0.0021654771537541386, 0.0021075670325098246, 0.002057101783187652, 0.0020109782979449865, 0.001963963616954057, 0.001910074345305344, 0.0018444579456473832, 0.0017650328074946865, 0.0016730205376049414, 0.001572516791964381, 0.0014690592346064254, 0.0013681915251646882, 0.0012742699477581243, 0.0011900137321806917, 0.001116621143278007, 0.0010541115732188775, 0.001001713485578694, 0.0009579791643791063, 0.0009208414564313347, 0.0008877033925499993, 0.000855759162111897, 0.0008224669098148472, 0.0007860436730685808, 0.0007458473212041663, 0.0007024135937633712, 0.0006571614939632658, 0.0006119142741563572, 0.0005684416901796893, 0.0005281138026522166, 0.0004917469237040273, 0.000459669727746222, 0.00043182386810925637, 0.00040784814626245065, 0.0003871514877285824, 0.0003689677143486961, 0.00035240580993370937, 0.0003365950497204093, 0.0003208240439034935, 0.00030469824799842784, 0.00028816732815689855, 0.0002715301659088511, 0.0002552711100144414, 0.00023993899158542508, 0.00022598377759618408, 0.00021367673477344477, 0.00020311200087192002, 0.00019418699993341553, 0.0001866891616970174, 0.00018027530391418096, 0.00017456524027216795, 0.0001691445930428309, 0.00016365344999101574, 0.00015782411637507048, 0.00015151867647506185, 0.0001447497828058308, 0.0001376532975756223, 0.00013043295223656335, 0.00012331669539051378, 0.000116506838286332, 0.00011013854119964984, 0.00010428933795558781, 9.896536533239071e-05, 9.411598870047108e-05, 8.965164527952171e-05, 8.546263301457545e-05, 8.143125124767585e-05, 7.747429603501162e-05, 7.354061804396223e-05, 6.9628230094648e-05, 6.577690835397155e-05, 6.205266506933383e-05, 5.8530188336689936e-05, 5.526840660911457e-05, 5.2305098086778495e-05, 4.965217865608593e-05, 4.7287416253514916e-05, 4.5174716381739125e-05, 4.325500028772494e-05, 4.1470772796740386e-05, 3.976456418674736e-05, 3.809178862831898e-05, 3.642512511080212e-05, 3.475763301274043e-05, 3.3096392943899895e-05, 3.146657248206665e-05, 2.9893219775108885e-05, 2.8399087563900924e-05, 2.7004831884035576e-05, 2.5716073281773752e-05, 2.45310651039747e-05, 2.3438508865021167e-05, 2.2423205366338015e-05, 2.146184905786315e-05, 2.0537014540196545e-05, 1.9636051163745996e-05, 1.8747897794107587e-05, 1.787230897065594e-05, 1.7015758117185063e-05, 1.6184377771107683e-05, 1.538919305660889e-05, 1.4636092716749968e-05, 1.3930905898254438e-05, 1.3272167481263807e-05, 1.2657511168357626e-05, 1.208016565350962e-05, 1.153266579085059e-05, 1.1005509138403767e-05, 1.0494742157621191e-05, 9.994833615370187e-06, 9.505561066511012e-06, 9.02715320428809e-06, 8.565144788951631e-06, 8.122248467745105e-06, 7.700816910181574e-06, 7.305075491235413e-06, 6.934430806882015e-06, 6.588819831637038e-06, 6.266950994598388e-06, 5.9647420146378564e-06, 5.6791391803407256e-06, 5.4065092934435e-06, 5.145740621580414e-06, 4.895356476330808e-06, 4.654410810809266e-06, 4.423380806172248e-06, 4.203173737836401e-06, 3.994290766354031e-06, 3.7976857420104077e-06, 3.612680270970487e-06, 3.438362658506961e-06, 3.2742765328561937e-06, 3.1187956319331326e-06, 2.970078997778568e-06, 2.8270382428447144e-06, 2.6892930487936335e-06],