{"pmf": [0.054735511859193633, 0.278642703294447, 0.23008267309860178, 0.16097995956422406, 0.11235268839718604, 0.0805995716052873, 0.059112093366167275, 0.023495692918878555], "kl div": [0.6161400408479564, 0.5893419337352939, 0.5600931549998088, 0.5298642692153156, 0.5013126714766304, 0.4748277220893922, 0.45007540999515105, 0.42646630124127183, 0.40348118362773555, 0.3808719771300095, 0.35868615231294776, 0.3371463024675397, 0.31650149779463477, 0.2969446546086077, 0.27859749335846684, 0.26153392460530006, 0.24580245202398113, 0.23143466328695386, 0.21844052860071936, 0.20679645765073232, 0.19643255622705, 0.1872269924710891, 0.1790132175139066, 0.17160091058435142, 0.16480698859005938, 0.15848224788087484, 0.15252701376468725, 0.14689214337623152, 0.14156792330636764, 0.13656784321248366, 0.13191175295521002, 0.12761119329102416, 0.12365929373382673, 0.12002626230905944, 0.11666016354374915, 0.11349377691021809, 0.11045496465657298, 0.10747818819945988, 0.10451578548921846, 0.10154507834204743, 0.09856999555734736, 0.09561700335176893, 0.09272621742752121, 0.08994042676971284, 0.08729474066339188, 0.0848088133392034, 0.08248360820366862, 0.08030222560128525, 0.0782342201218989, 0.0762420216894501, 0.07428759430894102, 0.07233761802829942, 0.07036661552890087, 0.0683584522631023, 0.06630679830394753, 0.06421405095217754, 0.06208994453595719, 0.05994956488367715, 0.0578105957059603, 0.05569118753266161, 0.05360790437792573, 0.05157476619584701, 0.04960318911621177, 0.047701919932862685, 0.04587794743002545, 0.04413586585465866, 0.04247791796098469, 0.0409035124181428, 0.03940933106798431, 0.03798982269976846, 0.03663848560240941, 0.03534904778222242, 0.03411665305264303, 0.03293827815523326, 0.03181279983907018, 0.030740496989529603, 0.029722299756346826, 0.028759270269867868, 0.02785181611121009, 0.026999401498465823, 0.02620039665862267, 0.02545220375314061, 0.02475146303848136, 0.024094644276046306, 0.023478225403702594, 0.02289916877168796, 0.022354704670680153, 0.021842314813790842, 0.021359417790574993, 0.020903082948124735, 0.02046988863350292, 0.020055881562222475, 0.019656708403118554, 0.01926791649599592, 0.018885246894421653, 0.018504995902754694, 0.01812442883041491, 0.017742006737394844, 0.017357344612402893, 0.016971178239093356, 0.016584993637242994, 0.016200756393518825, 0.01582042157429745, 0.015445776334098889, 0.015078248266392908, 0.014718720175607412, 0.014367649757887178, 0.014025222531875648, 0.013691324739950148, 0.013365700667571158, 0.013048116599874952, 0.012738386430679222, 0.012436251695732902, 0.0121414634402283, 0.011853710392713093, 0.01157256724884693, 0.011297565064955068, 0.011028032731099886, 0.010763327324787872, 0.010502707308611225, 0.010245551439209974, 0.009991268514407407, 0.009739491394411286, 0.00948986718210741, 0.009242280316323983, 0.008996649476286788, 0.008753028289237427, 0.008511433618396175, 0.008271944526886739, 0.008034600169134678, 0.007799440872962082, 0.0075665636332406475, 0.007336038757815985, 0.007107984858440551, 0.006882544645587, 0.006659930357381947, 0.006440359482169414, 0.006224097249234015, 0.006011396718730645, 0.005802522584328553, 0.005597668185804437, 0.005397006871614349, 0.005200687562013106, 0.005008790242042836, 0.004821355586181034, 0.004638435359664192, 0.004460032150320992, 0.0042861433772658185, 0.004116775116622559, 0.003951907626733066, 0.003791504777513839, 0.0036355420002497545, 0.0034839695382279335, 0.0033367363114633567, 0.0031937812354732517, 0.003055046976805105, 0.0029204908567206783, 0.0027900417023570935, 0.0026636486381428183, 0.0025412943524827855, 0.002422933155540842, 0.0023085294112323114, 0.002198072581799879, 0.002091520469782601, 0.001988859024303592, 0.0018900480933926557, 0.0017950320986786766, 0.00170375782425241, 0.001616167409301168, 0.0015322015065057232, 0.0014517919461582859, 0.0013748501924700429, 0.0013013120796066748, 0.0012310868288898636, 0.0011640895209669476, 0.001100217649848946, 0.0010393894688410401, 0.0009814852141481795, 0.0009264136985185478, 0.0008740599861362815, 0.0008243130298447375, 0.0007770702673733049, 0.0007322265163107701, 0.0006896803390824512, 0.0006493296269284225, 0.000611078302933118, 0.0005748256753425195, 0.000540492101835102, 0.0005079880986183258, 0.00047722323507394786, 0.0004481265466690456, 0.000420610983103439, 0.00039460812196669614, 0.000370042311305887, 0.00034685055128175365, 0.0003249609022675003, 0.00030432123619343566, 0.00028486937036954134, 0.00026654498399593775, 0.0002492978071877805, 0.0002330698550342819, 0.0002178086133074889, 0.00020346358781450787, 0.00018999192995867932, 0.00017734063043205314, 0.0001654692952873175, 0.00015433135019705902, 0.00014388553264780657, 0.0001340979997530244, 0.00012492574830893144, 0.00011633486887121743, 0.00010829192686992234, 0.00010076162900059292, 9.371544878852356e-05, 8.712213760559144e-05, 8.095764005416808e-05, 7.519200186713434e-05, 6.980531980006212e-05, 6.477398933402015e-05, 6.007642718867988e-05, 5.5690488299977984e-05, 5.1600548432211815e-05, 4.778595405164742e-05, 4.422887130268657e-05, 4.091567756015944e-05, 3.783098185003691e-05, 3.496090270324137e-05, 3.2292049566086324e-05, 2.981223849804872e-05, 2.7507539240345918e-05, 2.5366695778843585e-05, 2.338067255626354e-05, 2.153901059876362e-05, 1.983223032173744e-05, 1.8250717549753593e-05, 1.678639822388277e-05, 1.543175837465311e-05, 1.4177001174037467e-05, 1.3017406395268336e-05, 1.194532746663147e-05, 1.0955424304619698e-05, 1.0041463762773485e-05, 9.197736785481435e-06, 8.41951987695064e-06, 7.702840493802596e-06, 7.042265065991852e-06, 6.43372852617691e-06, 5.873396363473824e-06, 5.358970234278619e-06, 4.885530959986581e-06, 4.450745923038939e-06, 4.052177964233053e-06, 3.686407155317631e-06, 3.351030120174681e-06, 3.0438803340107038e-06, 2.763045391078998e-06, 2.5058501510547286e-06, 2.2709988911598e-06, 2.056858659317377e-06, 1.8617143303347394e-06, 1.6832693698506885e-06, 1.5208730039148715e-06, 1.3729327107162243e-06, 1.2386698428450138e-06, 1.1165727930899984e-06, 1.0052654727474173e-06],