{"pmf": [0.06524552481695613, 0.20071721486928912, 0.16107973988189914, 0.07034665040388045, 0.10688032197566502, 0.20094924445322593, 0.1594364150488693, 0.03534565972969206], "kl div": [0.47512828724845285, 0.44801382341819457, 0.42160708530814833, 0.39134496354590187, 0.3595072159744034, 0.3277024933248537, 0.2967982469146601, 0.2673597437747007, 0.23975865102881805, 0.2142127164165255, 0.19081103843641128, 0.16954009269509218, 0.15033951442626772, 0.1331525069539693, 0.11793769513487594, 0.10464229480612901, 0.0931606601034935, 0.0833096918876334, 0.07483941045313929, 0.06747467726011902, 0.060963051518176, 0.05511972948627795, 0.049850732090677696, 0.04513725979294783, 0.040988917687297885, 0.0374052660662164, 0.034363206919166916, 0.03182026412134287, 0.029723311509111797, 0.02801445135186409, 0.02662986892427347, 0.025495758818216002, 0.02452461403554796, 0.023613433628384847, 0.022649578616493308, 0.02152975660938165, 0.020187163630505434, 0.018606371711941093, 0.01681690146399968, 0.014877903777661372, 0.012866031914690355, 0.01086961515833106, 0.008984804943873053, 0.007307387313848708, 0.005917373249553677, 0.004859888660208166, 0.0041315859409284455, 0.00368183699905778, 0.0034298615043433815, 0.003289048976495656, 0.003186766623760529, 0.0030724612135710665, 0.0029171620814589915, 0.002709702878590287, 0.002452266058585709, 0.002156641628471973, 0.0018397322078549183, 0.0015190985499978164, 0.0012097925940750013, 0.0009238267373187512, 0.0006715573109383642, 0.00046294790344757067, 0.0003066190247553529, 0.00020684220177014882, 0.0001609133263861173, 0.000159207013882846, 0.00018818858639999903, 0.00023430758631672846, 0.0002864522318942824, 0.00033630940298213976, 0.00037768337357542425, 0.00040612418540052165, 0.00041915615796515784, 0.00041638021972216065, 0.0003990168448308141, 0.0003692484967039583, 0.00032994225527411495, 0.00028489334945438214, 0.00023882263928448502, 0.00019659593824459826, 0.0001619791877251345, 0.00013674362207266523, 0.00012070556129857991, 0.00011245429504038926, 0.0001100966787700912, 0.00011163818715337749, 0.00011509346496611892, 0.00011858880143322988, 0.0001205752197812771, 0.00011994790515327137, 0.00011601588600446805, 0.00010843096778593718, 9.725605524229901e-05, 8.310171675985148e-05, 6.71887358326172e-05, 5.107767294233083e-05, 3.626223689827098e-05, 2.3810259866431194e-05, 1.426124078056403e-05, 7.71810131549325e-06, 3.978978094439366e-06, 2.637755337419424e-06, 3.1528580533719797e-06, 4.931799859726532e-06, 7.3964693861682885e-06, 1.0004870488294763e-05, 1.224778680433751e-05, 1.369200289899695e-05, 1.406988132065612e-05, 1.3364117372392434e-05, 1.1791652458528214e-05, 9.709282981765568e-06, 7.484883607132732e-06, 5.424141816945876e-06, 3.7435421698522344e-06, 2.568058596435043e-06, 1.9337996497270464e-06, 1.7996179028128472e-06, 2.067038851589554e-06, 2.603921294548248e-06, 3.256188203683958e-06, 3.861578284084866e-06, 4.276269019955182e-06, 4.408022722779566e-06, 4.239849094953322e-06, 3.820748488812407e-06, 3.238350919169291e-06, 2.5863091473932913e-06, 1.946443049079071e-06, 1.3838858665176572e-06, 9.425328203526773e-07, 6.418069340627782e-07, 4.790628280112601e-07, 4.3404747220066617e-07, 4.7385569439841913e-07, 5.570561505295164e-07, 6.412150691511914e-07, 6.923568455070072e-07, 6.944326965182068e-07, 6.482852471343688e-07, 5.664306250283127e-07, 4.6393977241003656e-07, 3.553681947869415e-07, 2.5251063437890743e-07, 1.6428198219297393e-07, 9.663918910371899e-08, 5.186220743595441e-08, 2.9605605567919078e-08, 2.667086193169152e-08, 3.736932340357187e-08, 5.437482822319447e-08, 7.103047584286422e-08, 8.310836159465974e-08, 8.94383650532738e-08, 9.050892307358566e-08, 8.739545503900283e-08, 8.119155170187661e-08, 7.304927943502227e-08, 6.40128617705049e-08, 5.492731124813043e-08, 4.667552313739145e-08, 3.987273014789386e-08, 3.482673738464017e-08], "js div": [0.09534081628752976, 0.09068564403994477, 0.08598072751108708, 0.08043852358806874, 0.07448877411846629, 0.06844094327575831, 0.06247738884059388, 0.05672989643363193, 0.051294483990354994, 0.04623446649236751, 0.04158030047011742, 0.03733239206658133, 0.03347656660763521, 0.030000244994215705, 0.026897549986892748, 0.024163874003083192, 0.021786004039779896, 0.019734998447260163, 0.017966000214148275, 0.016424605461039063, 0.015055216067666435, 0.013811520739601776, 0.01266489667349889, 0.011605263241779183, 0.010633664879610183, 0.009754734014430494, 0.0089729815889136, 0.008291143663767998, 0.007709165223782284, 0.007223099698902236, 0.0068236911891836885, 0.006495659506574373, 0.006217832537143969, 0.005963873467612233, 0.005704585151637417, 0.005413028654127204, 0.0050712919737031775, 0.004674082708551485, 0.004227119711710751, 0.003743517606097214, 0.0032411112960997906, 0.002741324634237553, 0.0022683065679300167, 0.0018466651129599547, 0.001497167358606436, 0.0012315271895886732, 0.0010488171179171355, 0.0009358966284121439, 0.0008720160677396267, 0.00083519277810599, 0.0008072832623730714, 0.0007759482447142381, 0.0007343728375384139, 0.0006801523253596627, 0.0006140621755740065, 0.000539089511783832, 0.00045935406163980565, 0.0003790749570803024, 0.000301849793845187, 0.00023055511875527354, 0.00016769356331377733, 0.00011569981785387309, 7.669894511589248e-05, 5.175575223334496e-05, 4.021401020482696e-05, 3.969811637772383e-05, 4.685310178758614e-05, 5.8311128591524816e-05, 7.130425571726574e-05, 8.375564111540397e-05, 9.411048090737576e-05, 0.00010124564697393811, 0.00010453107244764817, 0.00010385941952198754, 9.953326914967038e-05, 9.209953472524889e-05, 8.22782315548034e-05, 7.102190881900562e-05, 5.951399030771444e-05, 4.8972308512449465e-05, 4.0337171680065445e-05, 3.4048425989578807e-05, 3.0057100111758073e-05, 2.8008644781997536e-05, 2.742933738107163e-05, 2.7821074122071525e-05, 2.8688601926386142e-05, 2.9564848753855928e-05, 3.0063920458798852e-05, 2.991070621460916e-05, 2.8933184154993527e-05, 2.7044642487550515e-05, 2.426068114822416e-05, 2.0733254948695178e-05, 1.676635443001944e-05, 1.2748805921547089e-05, 9.05308731108582e-06, 5.945831255740306e-06, 3.5621380400440327e-06, 1.9282628561028368e-06, 9.943256840426595e-07, 6.592891414172722e-07, 7.880984652866443e-07, 1.2328320044898982e-06, 1.8490683310178212e-06, 2.50134777175155e-06, 3.0623380175621474e-06, 3.4236501830049807e-06, 3.51827959588101e-06, 3.341854968627383e-06, 2.948636688606567e-06, 2.427888338250937e-06, 1.8716361578618516e-06, 1.3563335175300526e-06, 9.361082567539496e-07, 6.421984896168648e-07, 4.836263121654116e-07, 4.5010548445982123e-07, 5.17019181796622e-07, 6.51326478649214e-07, 8.144910496341513e-07, 9.659243182042805e-07, 1.0696514722280783e-06, 1.1026030698714703e-06, 1.060531056521071e-06, 9.556923797858496e-07, 8.100065473898553e-07, 6.468999931518425e-07, 4.868397645424381e-07, 3.461184079238329e-07, 2.3571614353587106e-07, 1.6049171072335532e-07, 1.1978346562360826e-07, 1.085245829177368e-07, 1.1848310152971601e-07, 1.392949788187529e-07, 1.6034644709230246e-07, 1.7313999402370094e-07, 1.7366199486994234e-07, 1.6212325888551787e-07, 1.4165389130796803e-07, 1.1602286918211046e-07, 8.887054229452119e-08, 6.31470069188189e-08, 4.10821705349943e-08, 2.4165909251004258e-08, 1.2968196012840977e-08, 7.402198031411217e-09, 6.66765202902173e-09, 9.341870936195565e-09, 1.3593024793261882e-08, 1.775677984899222e-08, 2.0776115941250692e-08, 2.235846125401584e-08, 2.2625916134098858e-08, 2.1847378950689526e-08, 2.0296313777242626e-08, 1.8260778060785757e-08, 1.600182153725444e-08, 1.3730657948034114e-08, 1.1667950789281208e-08, 9.96747185230082e-09, 8.706158297359508e-09],