{"pmf": [0.00011570878688814989, 0.1564060759566069, 0.2207320435717524, 0.174883942329524, 0.24468824403424438, 0.16426664490083956, 0.02732411716470742, 0.011583714551804482], "kl div": [0.7251951084012233, 0.7213534533935664, 0.7177141415172131, 0.7143289877118756, 0.7112151527943916, 0.7083961622352966, 0.7058844704883294, 0.7037027398179204, 0.7018648209339383, 0.7003709090597463, 0.699212694735664, 0.698383332100439, 0.6978580759458983, 0.6976161945180508, 0.6976498269627468, 0.6979440810730192, 0.6984871624077763, 0.6992644202288203, 0.7002585332069727, 0.7014482502549148, 0.7028110475096131, 0.7043218816782422, 0.7059542391166693, 0.7076784403891914, 0.7094627678769939, 0.7112730955600162, 0.7130784553933954, 0.7148495966310704, 0.7165596226022132, 0.7181775623148713, 0.7196710957813399, 0.7210107084200927, 0.7221702904805274, 0.7231272373582277, 0.7238627477463566, 0.7243671436006264, 0.7246365134842097, 0.724671673051572, 0.7244781916328777, 0.7240667479118416, 0.7234530393287634, 0.7226562840188681, 0.7216970465519573, 0.7205960575686632, 0.719375916339327, 0.7180584283487421, 0.7166655146073612, 0.7152167444984701, 0.7137291256044834, 0.7122164222025346, 0.7106886832167499, 0.7091526034110474, 0.7076113610816103, 0.706063521422084, 0.704504508505885, 0.7029250262592034, 0.7013148866228371, 0.6996609469760251, 0.6979510233812054, 0.6961733084761526, 0.6943176076712846, 0.6923738024034097, 0.6903314874527151, 0.6881825284685849, 0.6859200312843198, 0.6835413564548991, 0.6810450256022529, 0.6784295516133166, 0.675694275671167, 0.6728377515059403, 0.6698576679576671, 0.6667514431593953, 0.663517988799144, 0.6601614393108064, 0.6566901823903971, 0.6531149137936518, 0.6494486712082328, 0.6457092288821614, 0.6419037266870093, 0.6380310049922356, 0.6340831452246746, 0.6300461330257329, 0.6258958351692596, 0.6216089848215334, 0.6171704507528646, 0.6125721491229986, 0.6078135423496274, 0.6028996588801009, 0.5978417844272786, 0.5926478529255684, 0.5873208316349815, 0.5818610912132622, 0.5762641586281889, 0.570527203843181, 0.5646478222684712, 0.558628357502979, 0.5524735051084149, 0.5461886888971146, 0.5397828738869691, 0.5332600528684228, 0.5266239972386646, 0.5198769490013047, 0.5130250841065009, 0.5060824968061408, 0.49906844804077055, 0.49200113455106054, 0.48489338334469395, 0.477757380779779, 0.47060582755528446, 0.4634525441842505, 0.45630964271721575, 0.44918473636012934, 0.44207957347693, 0.43499803005475723, 0.4279466588825989, 0.4209325105890186, 0.41396262401945516, 0.4070458075770472, 0.4001891383965519, 0.39339451269410247, 0.38665996671292, 0.3799786395702452, 0.3733450443151567, 0.3667620124292909, 0.36023552063013226, 0.35377621084771016, 0.3473894848672188, 0.34107550379652896, 0.33483013371083153, 0.328646387518957, 0.32251632242682465, 0.31643256661325286, 0.3103891920026335, 0.30438349620090926, 0.29841537302254884, 0.29248720639213655, 0.28660362882601914, 0.28076951872678285, 0.27499006239560575, 0.2692694334962721, 0.26361039500742106, 0.25801414208561124, 0.2524800530232496, 0.24700619916825356, 0.24159062933684772, 0.23623137515265327, 0.2309277773338928, 0.22568021390641466, 0.2204904167951271, 0.21536116393899893, 0.2102963299237828, 0.20530012234546102, 0.20037674639585376, 0.19553057588622308, 0.19076420178358178, 0.1860807736490703, 0.18148320797414202, 0.17697514675579445, 0.17256039168188925, 0.1682434774287555, 0.16402846012580322, 0.15991989672510723, 0.15592304717206484, 0.15204318677642475, 0.14828562317627758, 0.14465483078615565, 0.1411547822928216, 0.1377896445680026, 0.13456356710644332, 0.1314807090452757, 0.12854521490903859, 0.12576088251607578, 0.12313168487609732, 0.12066106945686042, 0.11835313363555645, 0.11621060199929278, 0.11423479677993996, 0.11242690489372481, 0.1107884414408275, 0.1093216703733139, 0.10802944766766048, 0.10691551696270252, 0.10598379570059699, 0.10523815597321293, 0.1046823065673519, 0.10431952526289254, 0.10415296006079663, 0.10418507559661178, 0.1044189980105033, 0.10485667418882005, 0.10549995865477366, 0.1063484289151613, 0.10739841958491855, 0.10864031085485222, 0.11005585640740817, 0.11161309347246026, 0.11326045283260676, 0.11492082062490735, 0.1164843717517165, 0.11780817052893151],