{"pmf": [0.16668618361959286, 1.0616689977516369e-07, 1.859882780939341e-08, 0.16665688127100403, 1.1542752703243101e-07, 0.16665806809449613, 1.6623728073110757e-09, 8.299352921801121e-08, 8.286266262761459e-08, 1.6321539450952743e-09, 0.16665745001784749, 1.1516944129308289e-07, 0.16665565348115124, 1.863667220485261e-08, 1.0638331525375335e-07, 0.166685533249907], "kl div": {"epoch": [0.9808291117844226, 0.7804687192500144, 0.599425713601734, 0.46159084574637765, 0.35414841471421254, 0.27479341723291706, 0.22226244616927351, 0.1882225168247907, 0.16522355405703823, 0.1500649962899392, 0.1391134465528401, 0.12938209677198798, 0.12031510050260438, 0.11158409127634164, 0.10301305304910496, 0.09505795421787346, 0.08780680425880821, 0.08104479549224614, 0.07459685672528518, 0.06823088298014515, 0.06186717486633192, 0.0555889848930306, 0.04949665490338981, 0.0436961906716488, 0.038258907334745844, 0.03322689388946131, 0.028626362074982762, 0.02446774238810756, 0.020750368607539302, 0.017462188126945166, 0.014585932830048956, 0.012094136947305809, 0.009955195488739979, 0.008135200862512456, 0.006600151954017664, 0.00531703365620093, 0.004254085015594109, 0.0033804382007170753, 0.002667737220996543, 0.0020909568889667276, 0.0016273069485781323, 0.0012572431282085544, 0.0009648352789146246, 0.0007348431912326279, 0.0005555601611826426, 0.00041656388383810866, 0.0003103205749184337, 0.00022920935341796738, 0.00016799897601345808, 0.00012172214623918642, 8.76571951732792e-05, 6.245387342836715e-05, 4.416810172692014e-05, 3.0918937087528266e-05, 2.1089881651225206e-05, 1.4346101653554451e-05, 9.472467607822736e-06, 6.414061488014966e-06, 4.308229759749509e-06, 2.676987480434702e-06, 1.3404537753856014e-06, 1.0558597332841532e-06, 2.634065626491226e-07], "iteration": [2.634065626491226e-07]}, "js div": {"epoch": [0.2903047816780665, 0.23778893180198363, 0.18741867343282442, 0.14535849756918778, 0.11123592980385236, 0.08539166872164891, 0.06792615659348661, 0.05674600638369568, 0.04961405186004354, 0.04530178551561048, 0.04250379847196874, 0.04015938980856752, 0.037960913200997266, 0.03575535359442407, 0.033482464118528836, 0.031275812165793684, 0.029175938821275532, 0.02713464882401303, 0.02510978819777242, 0.023049071440011174, 0.020946399582629963, 0.018844595727332825, 0.016793023494792607, 0.014837172005087933, 0.013006391134670295, 0.011314779143410425, 0.009767546242210181, 0.008364919147610884, 0.007105629706243455, 0.005987073572832518, 0.0050054589633061536, 0.004153674489212333, 0.003421933198177004, 0.0027990371467092666, 0.0022732194785482834, 0.0018331323445659347, 0.0014677388357274969, 0.0011668092520882838, 0.0009210071392964283, 0.0007218928306098437, 0.0005618970024230474, 0.0004343098121667023, 0.00033332236817462755, 0.0002539740229140315, 0.000192084745816164, 0.00014416815266065513, 0.00010735706862585243, 7.930459510537401e-05, 5.810294799929945e-05, 4.221273308138578e-05, 3.0402075015056285e-05, 2.169608545693385e-05, 1.5332372452308447e-05, 1.0722756107116252e-05, 7.4164746019502e-06, 5.069535852532809e-06, 3.4216054194824944e-06, 2.2776262902303204e-06, 1.493058675975208e-06, 9.61910035859664e-07, 6.077374230352675e-07, 3.754388455265839e-07, 2.2594569070941907e-07], "iteration": [2.2594569070941907e-07]}, "loss history": {"epoch": [0.9808291117844226, 0.7804687192500144, 0.599425713601734, 0.46159084574637765, 0.35414841471421254, 0.27479341723291706, 0.22226244616927351, 0.1882225168247907, 0.16522355405703823, 0.1500649962899392, 0.1391134465528401, 0.12938209677198798, 0.12031510050260438, 0.11158409127634164, 0.10301305304910496, 0.09505795421787346, 0.08780680425880821, 0.08104479549224614, 0.07459685672528518, 0.06823088298014515, 0.06186717486633192, 0.0555889848930306, 0.04949665490338981, 0.0436961906716488, 0.038258907334745844, 0.03322689388946131, 0.028626362074982762, 0.02446774238810756, 0.020750368607539302, 0.017462188126945166, 0.014585932830048956, 0.012094136947305809, 0.009955195488739979, 0.008135200862512456, 0.006600151954017664, 0.00531703365620093, 0.004254085015594109, 0.0033804382007170753, 0.002667737220996543, 0.0020909568889667276, 0.0016273069485781323, 0.0012572431282085544, 0.0009648352789146246, 0.0007348431912326279, 0.0005555601611826426, 0.00041656388383810866, 0.0003103205749184337, 0.00022920935341796738, 0.00016799897601345808, 0.00012172214623918642, 8.76571951732792e-05, 6.245387342836715e-05, 4.416810172692014e-05, 3.0918937087528266e-05, 2.1089881651225206e-05, 1.4346101653554451e-05, 9.472467607822736e-06, 6.414061488014966e-06, 4.308229759749509e-06, 2.676987480434702e-06, 1.3404537753856014e-06, 1.0558597332841532e-06, 2.634065626491226e-07], "iteration": [2.634065626491226e-07]}, "grad norm": [], "operator ID": [25, 34, 28, 31, 4, 16, 10, 19, 1, 22]}