{"pmf": [0.09314950769632276, 0.1980680303686432, 0.1554782030580538, 0.06006288719900678, 0.09831930912555474, 0.19718054397657556, 0.153357656445982, 0.044384042395927775], "kl div": {"epoch": [0.10556071055793984, 0.046375028091850484, 0.015166165561816582, 0.009354757078320154, 0.01294787984806079, 0.018201041940594, 0.02206479041930166, 0.02362552991973109, 0.02244589610975788, 0.01796546878779038, 0.011311064083084278, 0.005193043691646342, 0.0019798690377565813, 0.0023515926437905274, 0.005238361625882667, 0.008585581735683974, 0.010502157859147515, 0.01022251766147006, 0.008203209618678257, 0.0055640344189129415, 0.003409772952439487, 0.0023172958097884434, 0.002212228569888876, 0.00264340198561157, 0.0031779788254832075, 0.003611056020570576, 0.003900905853720481, 0.0039904307303611376, 0.003746046516117315, 0.003097243918276843, 0.002215546815543031, 0.0014854058966561542, 0.001246672512128667, 0.001542761906340148, 0.00209193971220861, 0.0025055380727108806, 0.002552581877798941, 0.002264920381935903, 0.001846128367762559, 0.001503677108066241, 0.0013411542748932993, 0.0013478472484574275, 0.0014473969354966854, 0.0015575451501738443, 0.0016289094679021662, 0.0016458510501885975, 0.0016049810264212386, 0.0015054589685793204, 0.0013675248729500362, 0.001246410766264912, 0.0012067736979474303, 0.0012664514827439564, 0.0013699867421184896, 0.0014321544877754335, 0.0014095718576236224, 0.001329059741754597, 0.001251269986371492, 0.0012145625434197781, 0.0012170253790920187, 0.0012374178511389642, 0.0012577483684910354, 0.001269977263741447, 0.001270952037788588, 0.001257955486494534, 0.0012334853998646898, 0.0012071542606682773, 0.0011918010962791428, 0.0011955963584195648, 0.0007614557498451463, 0.00047243978723299413, 0.0004132223137636769, 0.0004659265961922728, 0.0005011779026047167, 0.0005008491657868252, 0.0004813065272508243, 0.00045007685176491185, 0.0004119073800586126, 0.0003847915854073092, 0.00038164935160320496, 0.00039720454562196955, 0.00041294325683381895, 0.0004155283050516192, 0.0004035608864730978, 0.0003830541964514472, 0.00036000941053650833, 0.0003401721652991597, 0.0003293228469217861, 0.00033058803645911604, 0.0002873214169105509, 0.00026622223569054454, 0.00026145446554782007, 0.00026231688893395017, 0.00026110332663402814, 0.00025649674329348963, 0.0002492702652402433, 0.0002385348411342651, 0.00022616905254466992, 0.0002144236949679758, 0.00020571674851476806, 0.00019992381080937284, 0.00019517014023015728, 0.00018901781142139523, 0.0001813555176955117, 0.0001723236584789845, 0.0001631715175752712, 0.00015356154733696284, 0.0001446060994486605, 0.00013644898770946235, 0.00012969469650424726, 0.00012380334603818174, 0.00011839698796444528, 0.00011239964797679321, 0.000105398704814146, 9.841408888586363e-05, 9.165975988816759e-05, 8.557407538129934e-05, 8.039876086061038e-05, 7.533015826479133e-05, 7.2229806849523e-05, 6.729520995426999e-05, 6.371761308014636e-05, 6.047801658602648e-05, 5.729375342287794e-05, 5.390299670994438e-05, 5.027109888843884e-05, 4.75008390941825e-05, 4.468852931751449e-05, 4.185065528319995e-05, 3.896176861114978e-05, 3.639147154537077e-05, 3.421273040798555e-05, 3.1874560118694685e-05, 2.8038029189102068e-05, 2.5711496906714328e-05, 2.3257766872010986e-05, 2.0440266777493204e-05, 1.7657022562758598e-05, 1.4406445554151527e-05, 1.2431024367199261e-05, 1.0144457043691105e-05, 7.367436682931906e-06, 5.38087139938408e-06], "iteration": [0.0011918010962791428, 0.0003293228469217861, 8.039876086061038e-05, 3.639147154537077e-05, 2.5711496906714328e-05, 1.7657022562758598e-05, 1.4406445554151527e-05, 7.367436682931906e-06, 5.38087139938408e-06]}, "js div": {"epoch": [0.027637072237141583, 0.011841528750474778, 0.0038435236923872497, 0.002297086644859829, 0.0031383387864104984, 0.004332131570614121, 0.0052230354879531805, 0.005649331693152748, 0.00546036231819614, 0.004438970124757179, 0.0028209731576646652, 0.0012974702747541042, 0.0004966372822235404, 0.0006014363325599205, 0.001330613064383603, 0.0021616972660252563, 0.0026337427476593265, 0.002567349144849419, 0.002072176819054595, 0.0014165280150813747, 0.0008732580058376702, 0.000592305378161379, 0.0005596492672548538, 0.0006609509120240192, 0.0007848573201240639, 0.000881400909614097, 0.0009455387644337187, 0.0009672500069100439, 0.000912259909635334, 0.0007583980702780108, 0.0005449515461851389, 0.00036791872676194995, 0.00031412130958806146, 0.0003946830225515516, 0.0005376846517275587, 0.0006440854851977869, 0.0006555805162518859, 0.0005808471482084173, 0.00047191315554311617, 0.00038193449870003136, 0.0003375167769702784, 0.0003357362998807549, 0.00035724380528726844, 0.0003820924277256239, 0.00039877452785719086, 0.0004036752418840749, 0.0003953885965267475, 0.0003728370847140294, 0.0003404396702224109, 0.00031202467266323896, 0.00030382078190896813, 0.00032011584667447895, 0.00034696851154342233, 0.0003629734450678576, 0.00035726980977293275, 0.0003366398078439532, 0.00031625288694528127, 0.0003059199360459661, 0.0003053333090989733, 0.00030910719722814027, 0.0003129464814514071, 0.0003151236205830765, 0.00031493625078142496, 0.00031192812915534256, 0.0003066195367285033, 0.0003011559015882708, 0.0002985640122965107, 0.0003006613900777369, 0.00018885146001568432, 0.00011801078309210368, 0.00010354925106546733, 0.00011663861848213835, 0.00012536157589403222, 0.00012514487317030786, 0.00012025407160401976, 0.0001124534487322471, 0.00010300487945043594, 9.622004418496834e-05, 9.550590906997673e-05, 9.947209577601665e-05, 0.00010345769408128779, 0.00010407777553330904, 0.00010105924560446547, 9.584018704332454e-05, 8.996016383458277e-05, 8.495517573987323e-05, 8.233516370166963e-05, 8.266865520980166e-05, 7.183129012420397e-05, 6.654614744321645e-05, 6.535061739423235e-05, 6.560126123501917e-05, 6.529843267820783e-05, 6.412243603957514e-05, 6.232498149621332e-05, 5.970814487691619e-05, 5.654590812237872e-05, 5.3650121839317636e-05, 5.1498829620454285e-05, 5.003918873960038e-05, 4.881893519378223e-05, 4.732484909790766e-05, 4.538060195600596e-05, 4.314288795392141e-05, 4.07904166210723e-05, 3.841606718509781e-05, 3.615217656358126e-05, 3.415111847288846e-05, 3.24742947514204e-05, 3.1050744753982276e-05, 2.9669981595914187e-05, 2.812226579730284e-05, 2.6392596680674055e-05, 2.4625857374915166e-05, 2.295940588111406e-05, 2.1457986648569467e-05, 2.0119738824861616e-05, 1.890288834412854e-05, 1.8003794493631146e-05, 1.6833577601980818e-05, 1.591213569115496e-05, 1.5191910931687189e-05, 1.4351055529434253e-05, 1.3419794579077286e-05, 1.2569489645803539e-05, 1.1859954737619796e-05, 1.1197650715623293e-05, 1.0499452519803281e-05, 9.796979018861815e-06, 9.144508886686634e-06, 8.542785318643286e-06, 8.01741512581602e-06, 7.068332200457105e-06, 6.423593877618092e-06, 5.85871896674978e-06, 5.109817868222157e-06, 4.401655371924685e-06, 3.678807338815905e-06, 3.145523518455513e-06, 2.5939195455948813e-06, 1.8953922686840824e-06, 1.389504315987818e-06], "iteration": [0.0002985640122965107, 8.233516370166963e-05, 2.0119738824861616e-05, 9.144508886686634e-06, 6.423593877618092e-06, 4.401655371924685e-06, 3.678807338815905e-06, 1.8953922686840824e-06, 1.389504315987818e-06]},