{"pmf": [3.1014889278865735e-07, 0.14327709901571953, 0.28582788548158194, 0.2280574007253842, 0.17128092947025267, 0.11436217091588939, 0.05719366839816434, 5.88882262098765e-07], "kl div": {"epoch": [0.392396284757008, 0.24079586514914222, 0.17422719202798387, 0.1684326671318182, 0.18886158283365415, 0.20164322885977826, 0.19332636983839718, 0.17965567239822464, 0.17245165014523517, 0.1706334759441253, 0.16986523789165806, 0.16792092569488232, 0.16466442497233752, 0.1608820438453796, 0.15777377313159038, 0.15658445617050343, 0.1576985714948944, 0.15997502249631085, 0.16130918811047756, 0.16022070310216113, 0.15690907459436307, 0.1528720662633042, 0.14978692734626292, 0.1486411095234675, 0.14946618929453456, 0.15147624289613176, 0.15342807936069466, 0.15417924533112565, 0.15326177108141617, 0.15112744891153485, 0.14884876896598723, 0.14745556820403777, 0.14737003971268275, 0.14828714276420144, 0.14947711786382498, 0.15022660918685346, 0.15015999678077863, 0.14935392870032638, 0.14825577727355693, 0.14742337651455645, 0.14720228202854357, 0.1475388321538766, 0.1480759237140273, 0.14843223229041436, 0.1484262679246855, 0.14811309428337494, 0.14768871069114436, 0.14736732848410256, 0.14727521161332108, 0.14738912516728087, 0.147567527338252, 0.14766399630080412, 0.14762996884191437, 0.14751380281345594, 0.14739156892406868, 0.14731241650434992, 0.14728824613253028, 0.1473030887268011, 0.1473260690033883, 0.1473313421150893, 0.14731785728625352, 0.14729979245331323, 0.14728355006351268, 0.14726277913574173, 0.14723582709909075, 0.14721344147942206, 0.14720619215322775, 0.14721438631701922, 0.14722827943187122, 0.14723683335172597, 0.14722924962501316, 0.14720534688591969, 0.14717814875212765, 0.14716571609208168, 0.14717349476847297, 0.147191008875322, 0.14720226815711823, 0.14719834852742036, 0.1471815527217652, 0.14716357241819697, 0.14715627365293033, 0.14716271974299544, 0.09315919395221806, 0.0528848902602731, 0.036955459404432664, 0.026473484684783333, 0.020353796688418788, 0.018979522707466424, 0.020724443416638677, 0.022239148079503838, 0.0217321026873517, 0.020145790246078245, 0.018971803648146924, 0.018724664814651796, 0.0187791174424409, 0.018159748583598742, 0.016611159642717907, 0.0147667500231073, 0.013377348927952074, 0.01245160151825732, 0.011254170931897945, 0.009285521466924287, 0.007016560737702598, 0.005467568223456046, 0.005203548296757072, 0.0058458009008258505, 0.006578600847496575, 0.006957704113868534, 0.007106054717507794, 0.007259555661281487, 0.007306999921425316, 0.0068740562338033915, 0.005857956739231951, 0.004678868644841055, 0.0038886889018578275, 0.0036463213920431394, 0.0036759076124202655, 0.0036684103707819867, 0.0035943355018794266, 0.003607273863827836, 0.0037439539929834237, 0.003832782847598456, 0.0037183647641325502, 0.0034630796286400636, 0.0032465057745249366, 0.0031440692636177485, 0.0030748457111927133, 0.002946313153510606, 0.002770927468204222, 0.002625056215140678, 0.002537822024414883, 0.0024664522482176297, 0.0023750661566024063, 0.00229059341855932, 0.0022576251414287776, 0.002269886795166101, 0.00227698371509629, 0.002244217278783816, 0.0021829294150990273, 0.002117066448126136, 0.0020466816296716202, 0.0019637287693907296, 0.0018787073106396462, 0.0018161766915477748, 0.001783673970738679, 0.0017662515168100608, 0.0017461055441815622, 0.0017224448798170734, 0.0016980118799086621, 0.0016711072099848427, 0.0016368221114432678, 0.0015981952881683648, 0.0015626427098376643, 0.0015330580587973532, 0.0015049045399005488, 0.0014757063006741941, 0.0014462767538268306, 0.0014192124048674334, 0.0013935488882683075, 0.0013696393593766055, 0.0013485809603301334, 0.0013299436498625397, 0.0013124195485937637, 0.0012944015307544262, 0.001275253719891888, 0.0012542640419932038, 0.0012323623433045704, 0.0012114850831310216, 0.0011922931985267017, 0.0009273306414109596, 0.0007201487798986911, 0.0006295097736641903, 0.0005866713938601845, 0.0005754694184031822, 0.000545794262913922, 0.0004790953913254327, 0.00039214907208614397, 0.000303250785965041, 0.00022245117625422674, 0.00016016818375499866, 0.00012373057566659063, 0.00010722138802192992, 9.718406520531288e-05, 8.56619234012706e-05, 7.05325711593582e-05, 5.0764702713933284e-05, 2.88131030344173e-05, 1.0530567527149864e-05, 1.345829451007913e-06, 2.2013083101032112e-06], "iteration": [0.14715627365293033, 0.0012114850831310216, 1.345829451007913e-06, 2.2013083101032112e-06]},