{"pmf": [4.810644508985068e-08, 0.11028921408918149, 0.3377698638761995, 0.26548950543438876, 0.15055771268109866, 0.07772184165184766, 0.038699801186206084, 0.01947202108413227], "kl div": {"epoch": [0.4315549082444933, 0.2085879470010289, 0.11359420976006981, 0.11664511382809992, 0.1680497545833358, 0.18389779803917938, 0.16390764245590123, 0.13868324106998037, 0.12034442368459525, 0.11134110106881677, 0.11014129694170222, 0.11385287540250404, 0.11897320599244277, 0.12218568039117012, 0.1217752219005295, 0.11833606879156013, 0.11372989817938127, 0.10944443766838512, 0.1058664467786746, 0.10282861121152762, 0.10048223709526065, 0.0994839425744686, 0.10027142028499814, 0.10228320108581934, 0.10411083089183079, 0.10444131561502909, 0.10287530132661171, 0.1000480053225517, 0.09719237821630797, 0.09547432552856334, 0.09539494365369236, 0.09658606789241442, 0.09813259133079846, 0.0991274805877532, 0.09906699857562129, 0.09798432104260046, 0.0963991203545628, 0.09507741313973633, 0.0946038988442081, 0.095015140447409, 0.09582130243908044, 0.09639915341499895, 0.09640440696793794, 0.09590079638391352, 0.09522682411575126, 0.09475726254810163, 0.0946811263072272, 0.09490563358069289, 0.09516663623749574, 0.095256211415998, 0.09514583805182088, 0.09493592349816425, 0.0947439115916885, 0.09464441476711366, 0.09464844958382716, 0.09470445560059945, 0.09474313097274088, 0.09473511497348737, 0.09469628663870808, 0.09464714772261883, 0.09459419883414823, 0.09454648724620862, 0.09451843159657025, 0.0945175533773434, 0.09453863311200486, 0.09456649950136618, 0.09457638024375314, 0.09455055116055744, 0.09449702463029663, 0.0944490803140586, 0.0944354071143667, 0.09445756386863582, 0.09449356690102595, 0.09451326437939497, 0.09449956802846891, 0.09446211378959746, 0.09442911098973134, 0.09442163556630127, 0.0944367931917333, 0.06715693166767604, 0.042847125501153174, 0.031184795507635046, 0.023516866492499396, 0.019619685672746336, 0.01980914670790405, 0.022095123176365278, 0.022604174203986086, 0.02030606357971582, 0.016790052499486095, 0.013586243928881712, 0.011440443544274667, 0.010374014346258929, 0.009963855121829963, 0.009709600643881208, 0.009303246873144705, 0.008735003113862067, 0.008155860734068775, 0.0076204116088226595, 0.006991784335192767, 0.006095920877595036, 0.004937921771918449, 0.003744043133515166, 0.0027830420328148996, 0.0021740241291308346, 0.0018644816127409633, 0.0017496606274908701, 0.001783934919475599, 0.0019621129706292907, 0.0022194628443981974, 0.0023950152129738767, 0.0023297640950339683, 0.0019980758565465925, 0.001528301484878964, 0.0010884177041297098, 0.0007662066384351916, 0.0005518035143065522, 0.00040990416851206714, 0.0003339595391202554, 0.00033420122820473474, 0.0003988999151381353, 0.0004886498862294911, 0.0005567165069624014, 0.0005686449896477892, 0.0005134834820257912, 0.00040906740889088767, 0.0002948900365293602, 0.00020783331211378332, 0.00015802101612892323, 0.00013027475360019667, 0.00011132214484383405, 0.00010157658383929671, 0.00010455930394760661, 0.00011303439861746101, 0.0001137901044428076, 0.0001045260907695778, 9.312058636400827e-05, 8.460599063460686e-05, 7.808732461468898e-05, 7.096289690448139e-05, 6.316623582177197e-05, 5.545462951252493e-05, 4.717039485288761e-05, 3.7933705471094497e-05, 2.8526004619558822e-05, 2.0509707075066184e-05, 1.3658368657563295e-05, 1.0874210895228924e-05, 1.3876559293382346e-05, 6.455721246836389e-06, 2.552565649536337e-06], "iteration": [0.09442163556630127, 1.0874210895228924e-05, 6.455721246836389e-06, 2.552565649536337e-06]}, "js div": {"epoch": [0.11878880516421354, 0.06469028318908576, 0.03718075925811931, 0.033858173741456776, 0.03973150098513885, 0.04039534010568995, 0.03566162647353464, 0.030270176081721625, 0.027615437367398885, 0.028090298495454746, 0.030543090941982348, 0.03368442588363882, 0.03650687421799825, 0.03833692612360795, 0.03893588964664784, 0.03851314045656776, 0.03746560898505524, 0.03605707902842399, 0.03435180230079107, 0.03242229152239327, 0.030507410154428132, 0.028926931634341617, 0.027877886790411165, 0.027341035823107544, 0.027164849331471737, 0.02719402878954509, 0.027335730632474083, 0.02757360469988172, 0.027963571644136688, 0.02858575603292527, 0.02944706269918565, 0.030414875517148762, 0.031251457091879015, 0.03171854719274964, 0.031673799568975786, 0.031124030887915915, 0.030232647554893015, 0.029262774877632656, 0.0284553051611282, 0.027917925934120354, 0.027617650587650065, 0.027471291508917924, 0.027433261911361247, 0.027509939810802745, 0.027722682417241646, 0.028070208360771946, 0.028508476506177938, 0.028951455589697028, 0.0292999039029962, 0.029484327237969676, 0.029487830064607347, 0.029337274973913575, 0.029083786783362493, 0.0287875627035887, 0.028502854620839943, 0.02826584795777188, 0.028096917365482303, 0.02801044944055299, 0.028013565616269713, 0.02809601738703242, 0.028230366349367406, 0.028384917259444028, 0.02853397870914103, 0.02865880716601337, 0.028745426021294686, 0.028783375753980746, 0.028766481435911317, 0.02869772187975685, 0.028594205778915943, 0.028483206337467613, 0.02839016451870239, 0.028329427187745077, 0.028303076340382493, 0.028304874535587343, 0.028326386906811142, 0.028362361122583914, 0.028410660004114047, 0.028467261523437554, 0.028523138225147952, 0.02008170858469094, 0.013414674029106233, 0.009507981958972858, 0.006791919029445244, 0.005246769953057099, 0.00481890439022949, 0.005066554640432693, 0.005225668730836364, 0.004894990946578868, 0.004209071112469759, 0.0034813904773044507, 0.002938659493605011, 0.0026330290405258833, 0.002488895637696116, 0.0024009282978841523, 0.0023037573577421957, 0.0021913372663025033, 0.0020827788715822725, 0.001972377600186658, 0.0018201802574258756, 0.0015884896616767809, 0.0012872987849063657, 0.0009792931473481153, 0.0007338034398201489, 0.0005793857989438373, 0.0004998203034458069, 0.00046709732086755353, 0.0004705787971705487, 0.0005112371262231476, 0.0005732629555499614, 0.0006144452428903317, 0.0005932983401179251, 0.0005044648690645962, 0.00038258820115492475, 0.0002713090561128361, 0.00019157221896595332, 0.00013903407569067217, 0.00010405665749525957, 8.575014805231509e-05, 8.744264436532051e-05, 0.00010635004651102025, 0.00013170905835526022, 0.0001504743609513852, 0.00015309780882635457, 0.00013684843084666224, 0.00010717944252841476, 7.548142258872532e-05, 5.20530270931703e-05, 3.945076169148106e-05, 3.332311255800418e-05, 2.9273782946746514e-05, 2.687723204223728e-05, 2.7017696310701754e-05, 2.8315186893319833e-05, 2.824507691584705e-05, 2.6358530383120758e-05, 2.427368965794458e-05, 2.2958602535847394e-05, 2.1741331257439374e-05, 1.986856426725378e-05, 1.752262110691884e-05, 1.5082728586072363e-05, 1.252674386215916e-05, 9.876416832646523e-06, 7.407184413122433e-06, 5.251989195190204e-06, 3.515173949554084e-06, 2.7609617271009452e-06, 3.5540962003917284e-06, 1.5892274376181514e-06, 6.480518763030287e-07], "iteration": [0.028467261523437554, 2.7609617271009452e-06, 1.5892274376181514e-06, 6.480518763030287e-07]},